Nuclide,T12
Neutron,613.9
1H,STABLE
2H,STABLE
3H,388789632
5H,7.99E-23
6H,2.85E-22
7H,0.09
3He,STABLE
4He,STABLE
5He,7.60E-22
6He,0.8067
7He,3.04E-21
8He,0.1191
10He,1.52E-21
4Li,6.03
5Li,3.04E-22
6Li,STABLE
7Li,STABLE
8Li,0.8399
9Li,0.1783
11Li,0.00875
6Be,4.95E-21
7Be,4598208
8Be,8.18E-17
9Be,STABLE
10Be,4.7652E+13
11Be,13.76
12Be,0.02147
13Be,2.70E-21
14Be,0.00435
15Be,7.86E-22
16Be,5.70E-22
7B,3.26E-22
8B,0.77
9B,8.44E-19
10B,STABLE
11B,STABLE
12B,0.0202
13B,0.01733
14B,0.01236
15B,0.01018
17B,0.00508
19B,0.00292
8C,1.98E-21
9C,0.1265
10C,19.308
11C,1221.84
12C,STABLE
13C,STABLE
14C,1.79878E+11
15C,2.449
16C,0.747
17C,0.191
18C,0.092
19C,0.0462
20C,0.0162
22C,0.0061
11N,5.49E-22
12N,0.011
13N,597.9
14N,STABLE
15N,STABLE
16N,7.13
17N,4.171
18N,0.619
19N,0.336
20N,0.136
21N,0.0848
22N,0.0195
23N,0.0141
12O,1.14E-21
13O,0.00858
14O,70.62
15O,122.24
16O,STABLE
17O,STABLE
18O,STABLE
19O,26.88
20O,13.51
21O,3.42
22O,2.25
23O,0.097
24O,0.072
25O,6.30E-21
26O,4.50E-12
14F,5.01E-22
15F,6.90E-22
16F,1.14E-20
17F,64.49
18F,6586.2
19F,STABLE
20F,11.07
21F,4.158
22F,4.23
23F,2.23
24F,0.382
25F,0.08
26F,0.0082
27F,0.005
28F,4.60E-20
29F,0.00267
16Ne,9.00E-21
17Ne,0.1092
18Ne,1.667
19Ne,17.22
20Ne,STABLE
21Ne,STABLE
22Ne,STABLE
23Ne,37.24
24Ne,202.8
25Ne,0.602
26Ne,0.197
27Ne,0.0315
28Ne,0.02
29Ne,0.015
30Ne,0.00739
31Ne,0.0034
32Ne,0.0035
18Na,1.30E-21
20Na,0.4479
21Na,22.49
22Na,82106563.68
23Na,STABLE
24Na,53989.2
25Na,59.1
26Na,1.07128
27Na,0.301
28Na,0.0305
29Na,0.0441
30Na,0.048
31Na,0.0174
32Na,0.0132
33Na,0.0081
34Na,0.005
35Na,0.0018
19Mg,4.00E-12
20Mg,0.0908
21Mg,122
22Mg,3.8755
23Mg,11.317
24Mg,STABLE
25Mg,STABLE
26Mg,STABLE
27Mg,567.48
28Mg,75294
29Mg,1.3
30Mg,0.317
31Mg,0.236
32Mg,0.086
33Mg,0.0894
34Mg,0.02
35Mg,0.0113
36Mg,0.0058
37Mg,0.008
22Al,0.0911
23Al,0.47
24Al,2.053
25Al,7.183
26Al,2.26268E+13
27Al,STABLE
28Al,134.7
29Al,393.6
30Al,3.62
31Al,0.644
32Al,0.0319
33Al,0.0417
34Al,0.0563
35Al,0.0376
36Al,0.094
37Al,0.0107
38Al,0.0076
39Al,0.0076
22Si,0.029
23Si,0.0423
24Si,0.1405
25Si,0.22
26Si,2.2453
27Si,4.15
28Si,STABLE
29Si,STABLE
30Si,STABLE
31Si,9441.6
32Si,4828312800
33Si,6.11
34Si,2.77
35Si,0.78
36Si,0.45
37Si,0.09
38Si,0.095
39Si,0.0475
40Si,0.033
41Si,0.02
42Si,0.0125
26P,0.0437
27P,0.26
28P,0.2703
29P,4.142
30P,149.88
31P,STABLE
32P,1232755.2
33P,2190240
34P,12.43
35P,47.3
36P,5.6
37P,2.31
38P,0.64
39P,0.28
40P,0.15
41P,0.101
42P,0.0485
43P,0.0365
44P,0.0185
27S,0.0155
28S,0.125
29S,0.188
30S,1.178
31S,2.5534
32S,STABLE
33S,STABLE
34S,STABLE
35S,7548768
36S,STABLE
37S,303
38S,10218
39S,11.5
40S,8.8
41S,2.6
42S,1.03
43S,0.273
44S,0.1
45S,0.068
46S,0.05
48S,2.00E-07
31Cl,0.19
32Cl,0.298
33Cl,2.511
34Cl,1.5264
35Cl,STABLE
36Cl,9.49884E+12
37Cl,STABLE
38Cl,2234.4
39Cl,3372
40Cl,81
41Cl,38.4
42Cl,6.8
43Cl,3.175
44Cl,0.65
45Cl,0.4
46Cl,0.232
47Cl,0.101
48Cl,2.00E-07
49Cl,1.70E-07
31Ar,0.0144
32Ar,0.098
33Ar,0.173
34Ar,0.8445
35Ar,1.7756
36Ar,STABLE
37Ar,3027456
38Ar,STABLE
39Ar,8488994400
40Ar,STABLE
41Ar,6576.6
42Ar,1038245040
43Ar,322.2
44Ar,712.2
45Ar,21.48
46Ar,8.4
47Ar,1.23
48Ar,0.424
49Ar,0.236
50Ar,0.106
35K,0.178
36K,0.342
37K,1.226
38K,458.16
39K,STABLE
40K,3.93839E+16
41K,STABLE
42K,44478
43K,80280
44K,1327.8
45K,1068.6
46K,105
47K,17.5
48K,6.83
49K,1.263
50K,0.472
51K,0.365
52K,0.11
53K,0.03
54K,0.01
35Ca,0.0257
36Ca,0.102
37Ca,0.1811
38Ca,0.44
39Ca,0.8596
41Ca,3.13683E+12
42Ca,STABLE
43Ca,STABLE
44Ca,STABLE
45Ca,14049504
47Ca,391910.4
49Ca,523.08
50Ca,13.9
51Ca,10
52Ca,4.6
53Ca,0.461
54Ca,0.107
55Ca,0.022
56Ca,0.011
40Sc,0.1823
41Sc,0.5963
42Sc,0.6807
43Sc,14007.6
44Sc,14292
45Sc,STABLE
46Sc,7239456
47Sc,289370.88
48Sc,157212
49Sc,3430.8
50Sc,102.5
51Sc,12.4
52Sc,0.2
53Sc,2.4
54Sc,0.526
55Sc,0.096
56Sc,0.031
57Sc,0.002
58Sc,0.012
39Ti,0.031
40Ti,0.0524
41Ti,0.0819
42Ti,0.20865
43Ti,0.509
44Ti,1893456000
45Ti,11088
46Ti,STABLE
47Ti,STABLE
48Ti,STABLE
49Ti,STABLE
50Ti,STABLE
51Ti,345.6
52Ti,102
53Ti,32.7
54Ti,2.1
55Ti,1.3
56Ti,0.2
57Ti,0.098
58Ti,0.058
59Ti,0.0285
60Ti,0.0222
61Ti,0.015
43V,0.0793
44V,0.111
45V,0.547
46V,0.4225
47V,1956
48V,1380110.4
49V,28512000
51V,STABLE
52V,224.58
53V,92.58
54V,49.8
55V,6.54
56V,0.216
57V,0.347
58V,0.19
59V,0.092
60V,0.04
61V,0.0483
62V,0.0335
63V,0.0196
64V,0.015
42Cr,0.0133
43Cr,21.2
44Cr,0.0428
45Cr,0.0609
46Cr,0.26
47Cr,0.5
48Cr,77616
49Cr,2538
51Cr,2393496
52Cr,STABLE
53Cr,STABLE
54Cr,STABLE
55Cr,209.82
56Cr,356.4
57Cr,21.1
58Cr,7
59Cr,1.05
60Cr,0.492
61Cr,0.234
62Cr,0.2
63Cr,0.129
64Cr,0.0429
65Cr,0.028
66Cr,0.023
46Mn,0.0362
47Mn,0.088
48Mn,0.1581
49Mn,0.382
50Mn,0.28319
51Mn,2772
52Mn,483062.4
53Mn,1.18025E+14
54Mn,26974080
55Mn,STABLE
56Mn,9284.04
57Mn,85.4
58Mn,3
59Mn,4.59
60Mn,0.28
61Mn,0.709
62Mn,0.092
63Mn,0.276
64Mn,0.09
65Mn,0.0919
66Mn,0.065
67Mn,0.047
68Mn,0.028
69Mn,0.016
45Fe,0.00245
46Fe,0.013
47Fe,0.0219
48Fe,0.0453
49Fe,0.0647
50Fe,0.155
51Fe,0.305
52Fe,29790
53Fe,510.6
54Fe,STABLE
55Fe,86594054.4
56Fe,STABLE
57Fe,STABLE
58Fe,STABLE
59Fe,3844368
60Fe,8.26809E+13
61Fe,358.8
62Fe,68
63Fe,6.1
64Fe,2
65Fe,0.81
66Fe,0.351
67Fe,0.395
68Fe,0.188
69Fe,0.162
70Fe,0.063
71Fe,0.035
72Fe,0.019
50Co,0.0388
51Co,0.0688
52Co,0.104
53Co,0.24
54Co,0.193
55Co,63108
56Co,6673190.4
57Co,23478336
58Co,6122304
59Co,STABLE
60Co,166344192
61Co,5936.4
62Co,90
63Co,27.4
64Co,0.3
65Co,1.16
66Co,0.209
67Co,0.329
68Co,0.099
69Co,0.18
70Co,0.014
71Co,0.08
72Co,0.0573
73Co,0.0405
74Co,0.0314
75Co,0.0265
76Co,0.0217
77Co,0.013
48Ni,0.0021
49Ni,0.0075
50Ni,0.0185
51Ni,0.0238
52Ni,0.0408
53Ni,0.0552
54Ni,0.1142
55Ni,0.2047
56Ni,524880
57Ni,128160
58Ni,STABLE
59Ni,2.39838E+12
60Ni,STABLE
61Ni,STABLE
62Ni,STABLE
63Ni,3193629120
64Ni,STABLE
65Ni,9063
66Ni,196560
67Ni,21
68Ni,29
69Ni,11.4
70Ni,6
71Ni,2.56
72Ni,1.587
73Ni,0.842
74Ni,0.5077
75Ni,0.3318
76Ni,0.2347
77Ni,0.1584
78Ni,0.1222
79Ni,0.043
80Ni,0.024
55Cu,0.027
56Cu,0.093
57Cu,0.1963
58Cu,3.204
59Cu,81.5
60Cu,1422
61Cu,12020.4
62Cu,580.38
63Cu,STABLE
64Cu,45723.6
65Cu,STABLE
66Cu,307.2
67Cu,222588
68Cu,30.9
69Cu,171
70Cu,44.5
71Cu,19.4
72Cu,6.63
73Cu,4.2
74Cu,1.594
75Cu,1.224
76Cu,0.638
77Cu,0.4681
78Cu,0.335
79Cu,0.241
80Cu,0.17
54Zn,0.00159
55Zn,0.0198
56Zn,0.03
57Zn,0.038
58Zn,0.086
59Zn,0.182
60Zn,142.8
61Zn,89.1
62Zn,33069.6
63Zn,2308.2
64Zn,2.21E+28
65Zn,21075552
66Zn,STABLE
67Zn,STABLE
68Zn,STABLE
69Zn,3384
70Zn,7.26E+24
71Zn,147
72Zn,167400
73Zn,23.5
74Zn,95.6
75Zn,10.2
76Zn,5.7
77Zn,2.08
78Zn,1.47
79Zn,0.746
80Zn,0.5619
81Zn,0.3035
82Zn,0.228
83Zn,0.117
60Ga,0.07
61Ga,0.167
62Ga,0.116121
63Ga,32.4
64Ga,157.62
65Ga,912
66Ga,34164
67Ga,281810.88
68Ga,4062.6
69Ga,STABLE
70Ga,1268.4
71Ga,STABLE
72Ga,50760
73Ga,17496
74Ga,487.2
75Ga,126
76Ga,32.6
77Ga,13.2
78Ga,5.09
79Ga,2.847
80Ga,1.9
81Ga,1.217
82Ga,0.599
83Ga,0.3081
84Ga,0.085
85Ga,0.092
86Ga,0.043
61Ge,0.044
62Ge,0.129
63Ge,0.15
64Ge,63.7
65Ge,30.9
66Ge,8136
67Ge,1134
68Ge,23408352
69Ge,140580
70Ge,STABLE
71Ge,987552
72Ge,STABLE
73Ge,STABLE
74Ge,STABLE
75Ge,4966.8
76Ge,STABLE
77Ge,40680
78Ge,5280
79Ge,18.98
80Ge,29.5
81Ge,7.6
82Ge,4.56
83Ge,1.85
84Ge,0.954
85Ge,0.503
86Ge,0.226
87Ge,0.14
88Ge,3.00E-07
89Ge,3.00E-07
64As,0.018
65As,0.128
66As,0.09577
67As,42.5
68As,151.6
69As,912
70As,3156
71As,235080
72As,93600
73As,6937920
74As,1535328
75As,STABLE
76As,94538.88
77As,139788
78As,5442
79As,540.6
80As,15.2
81As,33.3
82As,19.1
83As,13.4
84As,4.02
85As,2.021
86As,0.945
87As,0.484
88As,0.2
65Se,0.033
66Se,0.042
67Se,0.136
68Se,35.5
69Se,27.4
70Se,2466
71Se,284.4
72Se,725760
73Se,25740
74Se,STABLE
75Se,10348992
76Se,STABLE
77Se,STABLE
78Se,STABLE
79Se,1.02878E+13
80Se,STABLE
81Se,1107
82Se,STABLE
83Se,1335
84Se,195.6
85Se,32.9
86Se,14.3
87Se,5.5
88Se,1.53
89Se,0.43
90Se,0.195
91Se,0.27
70Br,0.0791
71Br,21.4
72Br,78.6
73Br,204
74Br,1524
75Br,5802
76Br,58320
77Br,205329.6
78Br,387
79Br,STABLE
80Br,1060.8
81Br,STABLE
82Br,127015.2
83Br,8546.4
84Br,1905.6
85Br,174
86Br,55.1
87Br,55.65
88Br,16.34
89Br,4.357
90Br,1.92
91Br,0.543
92Br,0.314
93Br,0.102
94Br,0.07
95Br,1.50E-07
96Br,1.50E-07
69Kr,0.028
70Kr,0.04
71Kr,0.1
72Kr,17.1
73Kr,27.3
74Kr,690
75Kr,276
76Kr,53280
77Kr,4464
78Kr,4.73E+28
79Kr,126144
80Kr,STABLE
81Kr,7.22669E+12
82Kr,STABLE
83Kr,STABLE
84Kr,STABLE
85Kr,338897066.4
86Kr,STABLE
87Kr,4578
88Kr,10170
89Kr,189
90Kr,32.32
91Kr,8.57
92Kr,1.84
93Kr,1.286
94Kr,0.212
95Kr,0.114
96Kr,0.08
97Kr,0.063
98Kr,0.046
99Kr,0.013
100Kr,0.007
74Rb,0.0649
75Rb,19
76Rb,36.5
77Rb,226.2
78Rb,1059.6
79Rb,1374
80Rb,33.4
81Rb,16459.2
82Rb,75.45
83Rb,7447680
84Rb,2835648
85Rb,STABLE
86Rb,1610668.8
87Rb,1.56841E+18
88Rb,1066.38
89Rb,919.2
90Rb,158
91Rb,58.2
92Rb,4.492
93Rb,5.84
94Rb,2.702
95Rb,0.3777
96Rb,0.203
97Rb,0.1691
98Rb,0.102
99Rb,0.054
100Rb,0.051
101Rb,0.032
102Rb,0.037
103Rb,0.023
74Sr,0.027
75Sr,0.088
76Sr,7.89
77Sr,9
78Sr,160
79Sr,135
80Sr,6378
81Sr,1338
82Sr,2189376
83Sr,116676
84Sr,STABLE
85Sr,5602953.6
86Sr,STABLE
87Sr,STABLE
88Sr,STABLE
89Sr,4368643.2
90Sr,912014640
91Sr,34740
92Sr,9576
93Sr,445.8
94Sr,75.3
95Sr,23.9
96Sr,1.07
97Sr,0.429
98Sr,0.653
99Sr,0.269
100Sr,0.202
101Sr,0.118
102Sr,0.069
103Sr,0.053
104Sr,0.053
105Sr,0.039
106Sr,0.02
77Y,0.057
78Y,0.053
79Y,14.8
80Y,30.1
81Y,70.4
82Y,8.3
83Y,424.8
84Y,2370
85Y,9648
86Y,53064
87Y,287280
88Y,9212486.4
89Y,STABLE
90Y,230590.8
91Y,5055264
92Y,12744
93Y,36648
94Y,1122
95Y,618
96Y,5.34
97Y,3.75
98Y,0.548
99Y,1.484
100Y,0.735
101Y,0.45
102Y,0.36
103Y,0.23
104Y,0.197
105Y,0.095
106Y,0.079
107Y,0.0035
108Y,0.03
109Y,0.025
79Zr,0.056
80Zr,4.6
81Zr,5.5
82Zr,32
83Zr,42
84Zr,1548
85Zr,471.6
86Zr,59400
87Zr,6048
88Zr,7205760
89Zr,282276
90Zr,STABLE
91Zr,STABLE
92Zr,STABLE
93Zr,5.08077E+13
94Zr,STABLE
95Zr,5532364.8
96Zr,7.42E+26
97Zr,60296.4
98Zr,30.7
99Zr,2.1
100Zr,7.1
101Zr,2.3
102Zr,2.9
103Zr,1.32
104Zr,0.87
105Zr,0.67
106Zr,0.18
107Zr,0.146
108Zr,0.0774
109Zr,0.056
110Zr,0.0375
111Zr,0.024
112Zr,0.03
82Nb,0.05
83Nb,3.9
84Nb,9.8
85Nb,20.5
86Nb,88
87Nb,222
88Nb,873
89Nb,7308
90Nb,52560
91Nb,21459168000
92Nb,1.09505E+15
93Nb,STABLE
94Nb,6.40619E+11
95Nb,3023222.4
96Nb,84060
97Nb,4326
98Nb,2.86
99Nb,15
100Nb,1.5
101Nb,7.1
102Nb,4.3
103Nb,1.5
104Nb,4.9
105Nb,2.95
106Nb,1.02
107Nb,0.3
108Nb,0.198
109Nb,0.106
110Nb,0.086
111Nb,0.051
112Nb,0.033
113Nb,0.032
114Nb,0.017
115Nb,0.023
83Mo,0.006
84Mo,2.3
85Mo,3.2
86Mo,19.1
87Mo,14.02
88Mo,480
89Mo,126.6
90Mo,20016
91Mo,929.4
92Mo,STABLE
93Mo,1.2623E+11
94Mo,STABLE
95Mo,STABLE
96Mo,STABLE
97Mo,STABLE
98Mo,STABLE
99Mo,237513.6
100Mo,2.30E+26
101Mo,876.6
102Mo,678
103Mo,67.5
104Mo,60
105Mo,35.6
106Mo,8.73
107Mo,3.5
108Mo,1.09
109Mo,0.66
110Mo,0.296
111Mo,0.186
112Mo,0.12
113Mo,0.08
114Mo,0.058
115Mo,0.0455
116Mo,0.032
117Mo,0.022
118Mo,0.019
85Tc,0.5
86Tc,0.055
87Tc,2.2
88Tc,6.4
89Tc,12.8
90Tc,8.7
91Tc,188.4
92Tc,255
93Tc,9900
94Tc,17580
95Tc,72000
96Tc,369792
97Tc,1.32857E+14
98Tc,1.32542E+14
99Tc,6.66181E+12
100Tc,15.46
101Tc,841.2
102Tc,5.28
103Tc,54.2
104Tc,1098
105Tc,456
106Tc,35.6
107Tc,21.2
108Tc,5.17
109Tc,0.86
110Tc,0.92
111Tc,0.35
112Tc,0.271
113Tc,0.152
114Tc,0.1
115Tc,0.078
116Tc,0.057
117Tc,0.0445
118Tc,0.03
119Tc,22
120Tc,0.021
121Tc,22
88Ru,1.2
89Ru,1.5
90Ru,11.7
91Ru,8
92Ru,219
93Ru,59.7
94Ru,3108
95Ru,5914.8
96Ru,STABLE
97Ru,244512
98Ru,STABLE
99Ru,STABLE
100Ru,STABLE
101Ru,STABLE
102Ru,STABLE
103Ru,3390940.8
104Ru,STABLE
105Ru,15984
106Ru,32123520
107Ru,225
108Ru,273
109Ru,34.5
110Ru,11.6
111Ru,2.12
112Ru,1.75
113Ru,0.8
114Ru,0.52
115Ru,0.318
116Ru,0.204
117Ru,0.151
118Ru,0.123
119Ru,0.0695
120Ru,0.045
121Ru,0.029
122Ru,0.025
123Ru,0.019
124Ru,0.015
90Rh,0.012
91Rh,1.47
92Rh,5.7
93Rh,12.2
94Rh,66
95Rh,301.2
96Rh,594
97Rh,1842
98Rh,523.2
99Rh,1391040
100Rh,74880
101Rh,104140080
102Rh,17910720
103Rh,STABLE
104Rh,42.3
105Rh,127296
106Rh,30.07
107Rh,1302
108Rh,16.8
109Rh,80
110Rh,28.5
111Rh,11
112Rh,3.6
113Rh,2.8
114Rh,1.85
115Rh,0.99
116Rh,0.68
117Rh,0.44
118Rh,0.266
119Rh,0.171
120Rh,0.136
121Rh,0.151
123Rh,0.042
124Rh,0.03
125Rh,0.0265
126Rh,0.019
127Rh,0.02
92Pd,0.7
93Pd,1
94Pd,9.6
95Pd,5
96Pd,122
97Pd,186
98Pd,1062
99Pd,1284
100Pd,313632
101Pd,30492
102Pd,STABLE
103Pd,1468022.4
104Pd,STABLE
105Pd,STABLE
106Pd,STABLE
107Pd,2.05124E+14
108Pd,STABLE
109Pd,49324.32
110Pd,STABLE
111Pd,1404
112Pd,75744
113Pd,93
114Pd,145.2
115Pd,25
116Pd,11.8
117Pd,4.3
118Pd,1.9
119Pd,0.92
120Pd,0.492
121Pd,0.285
122Pd,0.175
123Pd,0.108
124Pd,0.038
125Pd,0.057
126Pd,0.0486
127Pd,0.038
128Pd,0.035
94Ag,0.026
95Ag,1.75
96Ag,4.4
97Ag,25.5
98Ag,47.5
99Ag,124
100Ag,120.6
101Ag,666
102Ag,774
103Ag,3942
104Ag,4152
105Ag,3567456
106Ag,1437.6
107Ag,STABLE
108Ag,142.92
109Ag,STABLE
110Ag,24.6
111Ag,643680
112Ag,11268
113Ag,19332
114Ag,4.6
115Ag,1200
116Ag,237
117Ag,72.8
118Ag,3.76
119Ag,6
120Ag,1.23
121Ag,0.78
122Ag,0.529
123Ag,0.3
124Ag,0.191
125Ag,0.159
126Ag,0.052
127Ag,0.109
128Ag,0.058
129Ag,0.046
130Ag,0.042
131Ag,0.035
132Ag,0.028
96Cd,1.03
97Cd,1.1
98Cd,9.2
99Cd,16
100Cd,49.1
101Cd,81.6
102Cd,330
103Cd,438
104Cd,3462
105Cd,3330
107Cd,23400
109Cd,39864960
110Cd,STABLE
111Cd,STABLE
112Cd,STABLE
113Cd,2.52E+23
115Cd,192456
116Cd,1.04E+27
117Cd,8964
118Cd,3018
119Cd,161.4
120Cd,50.8
121Cd,13.5
122Cd,5.24
123Cd,2.1
124Cd,1.25
125Cd,0.68
126Cd,0.515
127Cd,0.37
128Cd,0.28
129Cd,0.154
130Cd,0.162
131Cd,0.068
132Cd,0.097
133Cd,0.057
134Cd,0.065
98In,0.032
99In,3
100In,5.8
101In,15.1
102In,23.3
103In,65
104In,108
105In,304.2
106In,372
107In,1944
108In,3480
109In,15001.2
110In,17640
111In,242326.08
112In,892.8
113In,STABLE
114In,71.9
115In,1.39E+22
116In,14.1
117In,2592
118In,5
119In,144
120In,3.08
121In,23.1
122In,1.5
123In,6.17
124In,3.12
125In,2.36
126In,1.53
127In,1.09
128In,0.84
129In,0.611
130In,0.29
131In,0.28
132In,0.207
133In,0.165
134In,0.14
135In,0.092
136In,0.085
137In,0.065
100Sn,1.16
101Sn,1.7
102Sn,3.8
103Sn,7
104Sn,20.8
105Sn,32.7
106Sn,115
107Sn,174
108Sn,618
109Sn,1080
110Sn,14796
111Sn,2118
113Sn,9943776
114Sn,STABLE
115Sn,STABLE
116Sn,STABLE
117Sn,STABLE
118Sn,STABLE
119Sn,STABLE
120Sn,STABLE
121Sn,97308
122Sn,STABLE
123Sn,11162880
125Sn,832896
126Sn,7.25825E+12
127Sn,7560
128Sn,3544.2
129Sn,133.8
130Sn,223.2
131Sn,56
132Sn,39.7
133Sn,1.46
134Sn,1.05
135Sn,0.53
136Sn,0.29
137Sn,0.19
138Sn,0.14
139Sn,0.13
104Sb,0.44
105Sb,1.22
106Sb,0.6
107Sb,4
108Sb,7.4
109Sb,17
110Sb,23
111Sb,75
112Sb,53.5
113Sb,400.2
114Sb,209.4
115Sb,1926
116Sb,948
117Sb,10080
118Sb,216
119Sb,137484
120Sb,953.4
121Sb,STABLE
122Sb,235336.32
123Sb,STABLE
124Sb,5201280
125Sb,87053533.06
126Sb,1067040
127Sb,332640
128Sb,32580
129Sb,15717.6
130Sb,2370
131Sb,1381.8
132Sb,167.4
133Sb,140.4
134Sb,0.78
135Sb,1.679
136Sb,0.923
137Sb,0.492
138Sb,0.348
139Sb,0.093
105Te,6.20E-07
106Te,0.00007
107Te,0.0031
108Te,2.1
109Te,4.6
110Te,18.6
111Te,19.3
112Te,120
113Te,102
114Te,912
115Te,348
116Te,8964
117Te,3720
118Te,518400
119Te,57780
120Te,STABLE
121Te,1656288
122Te,STABLE
124Te,STABLE
125Te,STABLE
126Te,STABLE
127Te,33660
128Te,7.61E+31
129Te,4194
130Te,9.47E+31
131Te,1500
132Te,276825.6
133Te,750
134Te,2508
135Te,19
136Te,17.63
137Te,2.49
138Te,1.4
108I,0.036
109I,0.0000935
110I,0.65
111I,2.5
112I,3.34
113I,6.6
114I,2.1
115I,78
116I,2.91
117I,133.2
118I,822
119I,1146
120I,4896
121I,7632
122I,217.8
123I,47604.6
124I,360806.4
125I,5132764.8
126I,1117152
127I,STABLE
128I,1499.4
129I,4.95454E+14
130I,44496
131I,693377.28
132I,8262
133I,74988
134I,3150
135I,23688
136I,83.4
137I,24.5
138I,6.23
139I,2.28
140I,0.86
141I,0.43
142I,0.222
143I,0.13
109Xe,0.013
110Xe,0.093
111Xe,0.81
112Xe,2.7
113Xe,2.74
114Xe,10
115Xe,18
116Xe,59
117Xe,61
118Xe,228
119Xe,348
120Xe,2400
121Xe,2406
122Xe,72360
123Xe,7488
124Xe,5.05E+21
125Xe,60840
126Xe,STABLE
127Xe,3140294.4
128Xe,STABLE
129Xe,STABLE
130Xe,STABLE
131Xe,STABLE
132Xe,STABLE
133Xe,453384
135Xe,32904
137Xe,229.08
138Xe,848.4
139Xe,39.68
140Xe,13.6
141Xe,1.73
142Xe,1.23
143Xe,0.511
144Xe,0.388
145Xe,0.188
146Xe,0.146
147Xe,0.1
112Cs,0.00049
113Cs,0.0000177
114Cs,0.57
115Cs,1.4
116Cs,0.7
117Cs,8.4
118Cs,14
119Cs,43
120Cs,61.3
121Cs,155
122Cs,21.18
123Cs,352.8
124Cs,30.9
125Cs,2802
126Cs,98.4
127Cs,22500
128Cs,219.6
129Cs,115416
130Cs,1752.6
131Cs,837129.6
132Cs,559872
133Cs,STABLE
134Cs,65172755.52
135Cs,7.25825E+13
136Cs,1126656
137Cs,949252608
138Cs,2004.6
139Cs,556.2
140Cs,63.7
141Cs,24.84
142Cs,1.684
143Cs,1.791
144Cs,0.994
145Cs,0.587
146Cs,0.322
147Cs,0.23
148Cs,0.146
114Ba,0.43
115Ba,0.45
116Ba,1.3
117Ba,1.75
118Ba,5.5
119Ba,5.4
120Ba,24
121Ba,29.7
122Ba,117
123Ba,162
124Ba,660
125Ba,198
126Ba,6000
127Ba,762
128Ba,209952
129Ba,8028
130Ba,STABLE
131Ba,993600
133Ba,332964237.6
134Ba,STABLE
135Ba,STABLE
136Ba,STABLE
137Ba,STABLE
138Ba,STABLE
139Ba,4983.6
140Ba,1101833.28
141Ba,1096.2
142Ba,636
143Ba,14.5
144Ba,11.5
145Ba,4.31
146Ba,2.22
147Ba,0.894
148Ba,0.612
149Ba,0.344
150Ba,0.3
117La,0.0235
120La,2.8
121La,5.3
122La,8.6
123La,17
124La,29.21
125La,64.8
126La,54
127La,306
128La,310.8
129La,696
130La,522
131La,3540
132La,17280
133La,14083.2
134La,387
135La,70200
136La,592.2
137La,1.89346E+12
138La,3.21888E+18
139La,STABLE
140La,145026.72
141La,14112
142La,5466
143La,852
144La,40.8
145La,24.8
146La,6.27
147La,4.06
148La,1.26
149La,1.05
150La,0.59
121Ce,1.1
123Ce,3.8
124Ce,6
125Ce,9.7
126Ce,51
127Ce,34
128Ce,235.8
129Ce,210
130Ce,1374
131Ce,618
132Ce,12636
133Ce,5820
134Ce,273024
135Ce,63720
137Ce,32400
138Ce,2.84E+21
139Ce,11892182.4
140Ce,STABLE
141Ce,2808950.4
143Ce,118940.4
144Ce,24616224
145Ce,180.6
146Ce,809.4
147Ce,56.4
148Ce,56.8
149Ce,5.3
150Ce,4
151Ce,1.76
152Ce,1.4
121Pr,0.01
122Pr,0.5
123Pr,0.8
124Pr,1.2
125Pr,3.3
126Pr,3.14
127Pr,4.2
128Pr,2.85
129Pr,30
130Pr,40
131Pr,90.6
132Pr,96
133Pr,390
134Pr,660
135Pr,1440
136Pr,786
137Pr,4608
138Pr,87
139Pr,15876
140Pr,203.4
141Pr,STABLE
142Pr,68832
143Pr,1172448
144Pr,1036.8
145Pr,21542.4
146Pr,1449
147Pr,804
148Pr,137.4
149Pr,135.6
150Pr,6.19
151Pr,18.9
152Pr,3.57
153Pr,4.28
154Pr,2.3
125Nd,0.65
127Nd,1.8
128Nd,5
129Nd,6.7
130Nd,21
131Nd,25.4
132Nd,94
133Nd,70
134Nd,510
135Nd,744
136Nd,3039
137Nd,2310
138Nd,18144
139Nd,1782
140Nd,291168
141Nd,8964
142Nd,STABLE
143Nd,STABLE
144Nd,7.23E+22
145Nd,STABLE
146Nd,STABLE
147Nd,948672
148Nd,STABLE
149Nd,6220.8
150Nd,2.87E+26
151Nd,746.4
152Nd,684
153Nd,31.6
154Nd,25.9
155Nd,8.9
156Nd,5.06
128Pm,1
129Pm,2.4
130Pm,2.6
131Pm,6.3
132Pm,6.2
133Pm,13.5
134Pm,5
135Pm,49
136Pm,107
137Pm,144
138Pm,10
139Pm,249
140Pm,9.2
141Pm,1254
142Pm,40.5
143Pm,22896000
144Pm,31363200
145Pm,558569520
146Pm,174513528
147Pm,82788207.84
148Pm,463795.2
149Pm,191088
150Pm,9712.8
151Pm,102240
152Pm,247.2
153Pm,315
154Pm,160.8
155Pm,41.5
156Pm,26.7
157Pm,10.56
158Pm,4.8
159Pm,1.5
129Sm,0.55
131Sm,1.2
132Sm,4
133Sm,2.89
134Sm,9.5
135Sm,10.3
136Sm,47
137Sm,45
138Sm,186
139Sm,154.2
140Sm,889.2
141Sm,612
142Sm,4349.4
143Sm,525
144Sm,STABLE
145Sm,29376000
146Sm,3.25043E+15
147Sm,3.34511E+18
148Sm,2.21E+23
149Sm,STABLE
150Sm,STABLE
151Sm,2840184000
152Sm,STABLE
153Sm,166622.4
154Sm,STABLE
155Sm,1338
156Sm,33840
157Sm,481.8
158Sm,318
159Sm,11.37
160Sm,9.6
161Sm,4.8
162Sm,2.4
130Eu,0.0009
131Eu,0.0178
134Eu,0.5
135Eu,1.5
136Eu,3.3
137Eu,11
138Eu,12.1
139Eu,17.9
140Eu,1.51
141Eu,40.7
142Eu,2.34
143Eu,155.4
144Eu,10.2
145Eu,512352
146Eu,398304
147Eu,2082240
148Eu,4708800
149Eu,8043840
150Eu,1164475440
151Eu,5.36E+25
152Eu,426564079.2
153Eu,STABLE
154Eu,271426917.6
155Eu,149993272.8
156Eu,1312416
157Eu,54648
158Eu,2754
159Eu,1086
160Eu,38
161Eu,26
162Eu,10.6
163Eu,7.7
164Eu,4.2
165Eu,2.3
166Eu,1.7
135Gd,1.1
136Gd,2.00E-07
137Gd,2.2
138Gd,4.7
139Gd,5.8
140Gd,15.8
141Gd,14
142Gd,70.2
143Gd,39
144Gd,268.2
145Gd,1380
146Gd,4170528
147Gd,137016
148Gd,2243745360
149Gd,801792
150Gd,5.64881E+13
151Gd,10704960
152Gd,1.08E+14
153Gd,20770560
154Gd,STABLE
155Gd,STABLE
156Gd,STABLE
157Gd,STABLE
158Gd,STABLE
159Gd,66524.4
161Gd,219.6
162Gd,504
163Gd,68
164Gd,45
165Gd,10.3
166Gd,4.8
135Tb,0.00094
138Tb,2.00E-07
139Tb,1.6
140Tb,2
141Tb,3.5
142Tb,0.597
143Tb,12
144Tb,1
145Tb,30.9
146Tb,8
147Tb,5904
148Tb,3600
149Tb,14824.8
150Tb,12528
151Tb,63392.4
152Tb,63000
153Tb,202176
154Tb,77400
155Tb,459648
156Tb,462240
157Tb,2240589600
158Tb,5680368000
159Tb,STABLE
160Tb,6246720
161Tb,595296
162Tb,456
163Tb,1170
164Tb,180
165Tb,126.6
166Tb,25.1
167Tb,19.4
168Tb,8.2
139Dy,0.6
141Dy,0.9
142Dy,2.3
143Dy,5.6
144Dy,9.1
145Dy,6
146Dy,33.2
147Dy,67
148Dy,198
149Dy,252
150Dy,430.2
151Dy,1074
152Dy,8568
153Dy,23040
154Dy,9.46728E+13
155Dy,35640
156Dy,STABLE
157Dy,29304
158Dy,STABLE
159Dy,12476160
160Dy,STABLE
161Dy,STABLE
162Dy,STABLE
163Dy,STABLE
164Dy,STABLE
165Dy,8402.4
166Dy,293760
167Dy,372
168Dy,522
169Dy,39
140Ho,0.006
141Ho,0.0041
142Ho,0.4
144Ho,0.7
145Ho,2.4
146Ho,3.32
147Ho,5.8
148Ho,2.2
149Ho,21.1
150Ho,72
151Ho,35.2
152Ho,161.8
153Ho,120.6
154Ho,705.6
155Ho,2880
156Ho,3360
157Ho,756
158Ho,678
159Ho,1983
160Ho,1536
161Ho,8928
162Ho,900
163Ho,1.44218E+11
164Ho,1740
165Ho,STABLE
166Ho,96566.4
167Ho,10810.8
168Ho,179.4
169Ho,283.2
170Ho,165.6
171Ho,53
172Ho,25
144Er,2.00E-07
145Er,1
146Er,1.7
147Er,2.5
148Er,4.6
149Er,4
150Er,18.5
151Er,23.5
152Er,10.3
153Er,37.1
154Er,223.8
155Er,318
156Er,1170
157Er,1119
158Er,8244
159Er,2160
160Er,102888
161Er,11556
162Er,STABLE
163Er,4500
164Er,STABLE
165Er,37296
166Er,STABLE
167Er,STABLE
168Er,STABLE
169Er,811468.8
170Er,STABLE
171Er,27057.6
172Er,177480
173Er,84
174Er,192
175Er,72
144Tm,1.9E-06
145Tm,3.17E-06
146Tm,0.068
147Tm,0.58
148Tm,0.7
149Tm,0.9
150Tm,2.2
151Tm,4.17
152Tm,8
153Tm,1.48
154Tm,8.1
155Tm,21.6
156Tm,83.8
157Tm,217.8
158Tm,238.8
159Tm,547.8
160Tm,564
161Tm,1812
162Tm,1302
163Tm,6516
164Tm,120
165Tm,108216
166Tm,27720
167Tm,799200
168Tm,8043840
169Tm,STABLE
170Tm,11111040
171Tm,60590592
172Tm,228960
173Tm,29664
174Tm,324
175Tm,912
176Tm,114
177Tm,90
149Yb,0.7
150Yb,2.00E-07
151Yb,1.6
152Yb,3.03
153Yb,4.2
154Yb,0.409
155Yb,1.793
156Yb,26.1
157Yb,38.6
158Yb,89.4
159Yb,100.2
160Yb,288
161Yb,252
162Yb,1132.2
163Yb,663
164Yb,4548
165Yb,594
166Yb,204120
167Yb,1050
168Yb,STABLE
169Yb,2766355.2
170Yb,STABLE
171Yb,STABLE
172Yb,STABLE
173Yb,STABLE
174Yb,STABLE
175Yb,361584
176Yb,STABLE
177Yb,6879.6
178Yb,4440
179Yb,480
180Yb,144
150Lu,0.045
151Lu,0.0806
152Lu,0.7
153Lu,0.9
154Lu,1.12
155Lu,0.068
156Lu,0.494
157Lu,6.8
158Lu,10.6
159Lu,12.1
160Lu,36.1
161Lu,77
162Lu,82.2
163Lu,238.2
164Lu,188.4
165Lu,644.4
166Lu,159
167Lu,3090
168Lu,330
169Lu,122616
170Lu,173836.8
171Lu,711936
172Lu,578880
173Lu,43233912
174Lu,104455656
175Lu,STABLE
176Lu,1.18657E+18
177Lu,574300.8
178Lu,1704
179Lu,16524
180Lu,342
181Lu,210
182Lu,120
183Lu,58
184Lu,19
154Hf,2
155Hf,0.84
156Hf,0.023
157Hf,0.115
158Hf,2.85
159Hf,5.6
160Hf,13.6
161Hf,18.4
162Hf,39.4
163Hf,40
164Hf,111
165Hf,76
166Hf,406.2
167Hf,123
168Hf,1557
169Hf,194.4
170Hf,57636
171Hf,43560
172Hf,59012712
173Hf,84960
174Hf,6.31E+22
175Hf,6048000
176Hf,STABLE
177Hf,STABLE
178Hf,STABLE
179Hf,STABLE
180Hf,STABLE
181Hf,3662496
182Hf,2.80863E+14
183Hf,3664.8
184Hf,14832
185Hf,210
186Hf,156
187Hf,2.70E-07
155Ta,0.0029
156Ta,0.144
157Ta,0.0101
158Ta,0.055
159Ta,0.83
160Ta,1.55
162Ta,3.57
163Ta,10.6
164Ta,14.2
165Ta,31
166Ta,34.4
167Ta,80
168Ta,120
169Ta,294
170Ta,405.6
171Ta,1398
172Ta,2208
173Ta,11304
174Ta,4104
175Ta,37800
176Ta,29124
177Ta,203616
178Ta,558.6
179Ta,57434832
180Ta,29354.4
181Ta,STABLE
182Ta,9913536
183Ta,440640
184Ta,31320
185Ta,2964
186Ta,630
187Ta,138
188Ta,19.6
190Ta,5.3
192Ta,2.2
157W,0.275
158W,0.00125
159W,0.0073
160W,0.091
161W,0.409
162W,1.36
163W,2.67
164W,6.3
165W,5.1
166W,19.2
167W,19.9
168W,50.9
169W,74
170W,145.2
171W,142.8
172W,396
173W,456
174W,1992
175W,2112
176W,9000
177W,7920
178W,1866240
179W,2223
180W,2.08E+25
181W,10471680
182W,STABLE
183W,2.11E+28
184W,STABLE
185W,6488640
187W,86400
188W,6028992
189W,642
190W,1800
160Re,0.00082
161Re,0.00044
162Re,0.107
163Re,0.39
164Re,0.85
165Re,1.6
166Re,2.25
167Re,5.9
168Re,4.4
169Re,8.1
170Re,9.2
171Re,15.2
172Re,55
173Re,118.8
174Re,144
175Re,353.4
176Re,318
177Re,840
178Re,792
179Re,1170
180Re,147.6
181Re,71640
182Re,231120
183Re,6048000
184Re,3058560
185Re,STABLE
186Re,321287.04
187Re,1.36644E+18
188Re,61210.8
189Re,87480
190Re,186
191Re,588
192Re,16
194Re,5
195Re,6
196Re,3
161Os,0.00064
162Os,0.0021
163Os,0.0055
164Os,0.021
165Os,0.071
166Os,0.208
167Os,0.81
168Os,2.1
169Os,3.43
170Os,7.37
171Os,8.3
172Os,19.2
173Os,22.4
174Os,44
175Os,84
176Os,216
177Os,180
178Os,300
179Os,390
180Os,1290
181Os,6300
182Os,78624
183Os,46800
185Os,8087040
186Os,6.31E+22
187Os,STABLE
188Os,STABLE
189Os,STABLE
190Os,STABLE
191Os,1330560
192Os,STABLE
193Os,108396
194Os,189345600
195Os,540
196Os,2094
197Os,168
199Os,5
200Os,6
164Ir,0.00007
166Ir,0.0105
167Ir,0.03
168Ir,0.222
169Ir,0.57
170Ir,0.87
171Ir,3.2
172Ir,4.4
173Ir,9
174Ir,7.9
175Ir,9
176Ir,8.6
177Ir,30
178Ir,12
179Ir,79
180Ir,90
181Ir,294
182Ir,900
183Ir,3480
184Ir,11124
185Ir,51840
186Ir,59904
187Ir,37800
188Ir,149400
189Ir,1140480
190Ir,1017792
191Ir,STABLE
192Ir,6378825.6
193Ir,STABLE
194Ir,69408
195Ir,8244
196Ir,52
197Ir,348
198Ir,8
199Ir,6
202Ir,11
166Pt,0.0003
167Pt,0.00078
168Pt,0.00202
169Pt,0.00699
170Pt,0.0138
171Pt,0.0455
172Pt,0.0976
173Pt,0.382
174Pt,0.889
175Pt,2.53
176Pt,6.33
177Pt,10.6
178Pt,20.7
179Pt,21.2
180Pt,56
181Pt,52
182Pt,160.2
183Pt,43
184Pt,1038
185Pt,4254
186Pt,7488
187Pt,8460
188Pt,881280
189Pt,39132
190Pt,2.05124E+19
191Pt,244512
192Pt,STABLE
193Pt,1577880000
194Pt,STABLE
195Pt,STABLE
196Pt,STABLE
197Pt,71609.4
198Pt,STABLE
199Pt,1848
200Pt,45360
201Pt,150
202Pt,158400
203Pt,10
204Pt,10.3
170Au,0.000286
171Au,0.000017
172Au,0.022
173Au,0.0263
174Au,0.139
176Au,1.05
177Au,1.53
178Au,2.6
179Au,7.1
180Au,8.4
181Au,13.7
182Au,15.5
183Au,42.8
184Au,20.6
185Au,255
186Au,642
187Au,504
188Au,530.4
189Au,1722
190Au,2568
191Au,11448
192Au,17784
193Au,63540
194Au,136872
195Au,16071264
196Au,532820.16
197Au,STABLE
198Au,232770.24
199Au,271209.6
200Au,2904
201Au,1560
202Au,28.4
203Au,60
204Au,39.8
205Au,32.5
206Au,40
171Hg,0.000059
172Hg,0.000231
173Hg,0.0008
174Hg,0.0021
175Hg,0.0106
176Hg,0.0203
177Hg,0.118
178Hg,0.2665
179Hg,1.05
180Hg,2.59
181Hg,3.6
182Hg,10.83
183Hg,9.4
184Hg,30.87
185Hg,49.1
186Hg,82.8
187Hg,114
188Hg,195
189Hg,456
190Hg,1200
191Hg,2940
192Hg,17460
193Hg,13680
194Hg,14011574400
195Hg,37908
196Hg,STABLE
197Hg,230904
198Hg,STABLE
199Hg,STABLE
200Hg,STABLE
201Hg,STABLE
202Hg,STABLE
203Hg,4025721.6
204Hg,STABLE
205Hg,308.4
206Hg,499.2
207Hg,174
208Hg,2460
209Hg,36
176Tl,0.0052
177Tl,0.018
178Tl,0.254
179Tl,0.23
180Tl,1.09
181Tl,3.2
182Tl,3.1
183Tl,6.9
184Tl,10.1
185Tl,19.5
186Tl,27.5
187Tl,51
188Tl,71
189Tl,138
190Tl,156
191Tl,313.2
192Tl,576
193Tl,1296
194Tl,1980
195Tl,4176
196Tl,6624
197Tl,10224
198Tl,19080
199Tl,26712
200Tl,93960
201Tl,262837.44
202Tl,1063584
203Tl,STABLE
204Tl,119382400.8
205Tl,STABLE
206Tl,252.12
207Tl,286.2
208Tl,183.18
209Tl,129.72
210Tl,78
211Tl,88
213Tl,101
178Pb,0.00012
179Pb,0.0035
180Pb,0.0041
181Pb,0.036
182Pb,0.055
183Pb,0.535
184Pb,0.49
185Pb,6.3
186Pb,4.82
187Pb,15.2
188Pb,25.1
189Pb,39
190Pb,71
191Pb,79.8
192Pb,210
193Pb,348
194Pb,642
195Pb,900
196Pb,2220
197Pb,486
198Pb,2.4
199Pb,5400
200Pb,77400
201Pb,33588
202Pb,1.65677E+12
203Pb,186912
204Pb,4.42E+24
205Pb,5.45946E+14
206Pb,STABLE
207Pb,STABLE
208Pb,STABLE
209Pb,11642.4
210Pb,700578720
211Pb,2166
212Pb,38304
213Pb,612
214Pb,1623.6
215Pb,147
184Bi,0.013
185Bi,0.000058
186Bi,0.0148
187Bi,0.037
188Bi,0.265
189Bi,0.674
190Bi,6.3
191Bi,12.4
192Bi,34.6
193Bi,63.6
194Bi,95
195Bi,183
196Bi,308
197Bi,559.8
198Bi,618
199Bi,1620
200Bi,2184
201Bi,6180
202Bi,6156
203Bi,42336
204Bi,40392
205Bi,1322784
206Bi,539395.2
207Bi,995642280
208Bi,1.16132E+13
209Bi,6.34E+26
210Bi,433036.8
211Bi,128.4
212Bi,3633
213Bi,2736.6
214Bi,1194
215Bi,456
216Bi,135
217Bi,98.5
218Bi,33
219Bi,22
186Po,0.000028
187Po,0.0014
188Po,0.000275
189Po,0.0035
190Po,0.00246
191Po,0.022
192Po,0.0322
193Po,0.245
194Po,0.392
195Po,4.64
196Po,5.8
197Po,84
198Po,105.6
199Po,328.2
200Po,690.6
201Po,936
202Po,2676
203Po,2202
204Po,12668.4
205Po,6264
206Po,760320
207Po,20880
208Po,91453924.8
209Po,3913142400
210Po,11955686.4
211Po,0.516
212Po,2.99E-07
213Po,0.00000372
214Po,0.0001636
215Po,0.001781
216Po,0.145
217Po,1.53
218Po,185.88
219Po,620
221Po,112
222Po,550
191At,0.0017
192At,0.0115
193At,0.028
194At,0.31
195At,0.29
196At,0.388
197At,0.388
198At,4.2
199At,6.92
200At,43
201At,85.2
202At,184
203At,444
204At,547.2
205At,1614
206At,1836
207At,6516
208At,5868
209At,19512
210At,29160
211At,25970.4
212At,0.314
213At,1.25E-07
214At,5.58E-07
215At,0.0001
216At,0.0003
217At,0.0323
218At,1.5
219At,56
220At,222.6
221At,138
222At,54
223At,50
224At,78
193Rn,0.00115
194Rn,0.00078
195Rn,0.006
196Rn,0.0044
197Rn,0.054
198Rn,0.065
199Rn,0.59
200Rn,1.03
201Rn,7
202Rn,9.7
203Rn,44
204Rn,74.5
205Rn,170
206Rn,340.2
207Rn,555
208Rn,1461
209Rn,1728
210Rn,8640
211Rn,52560
212Rn,1434
213Rn,0.0195
214Rn,2.70E-07
215Rn,2.3E-06
216Rn,4.5E-05
217Rn,0.00054
218Rn,0.035
219Rn,3.96
220Rn,55.6
221Rn,1500
222Rn,330350.4
223Rn,1458
224Rn,6420
225Rn,279.6
226Rn,444
227Rn,20.2
228Rn,65
229Rn,12
197Fr,0.0006
198Fr,0.015
199Fr,0.0045
200Fr,0.049
201Fr,0.062
202Fr,0.372
203Fr,0.55
204Fr,1.8
205Fr,3.97
206Fr,16
207Fr,14.8
208Fr,59.1
209Fr,50.5
210Fr,190.8
211Fr,186
212Fr,1200
213Fr,34.82
214Fr,0.005
215Fr,8.60E-08
216Fr,7.00E-07
217Fr,1.9E-05
218Fr,0.001
219Fr,0.02
220Fr,27.4
221Fr,286.1
222Fr,852
223Fr,1320
224Fr,199.8
225Fr,237
226Fr,49
227Fr,148.2
228Fr,38
229Fr,50.2
230Fr,19.1
231Fr,17.6
232Fr,5.5
233Fr,0.9
201Ra,0.0016
202Ra,0.0038
203Ra,0.031
204Ra,0.057
205Ra,0.21
206Ra,0.24
207Ra,1.35
208Ra,1.3
209Ra,4.6
210Ra,3.7
211Ra,13
212Ra,13
213Ra,0.00273
214Ra,2.46
215Ra,0.00166
216Ra,1.82E-07
217Ra,0.0000016
218Ra,0.0000252
219Ra,0.01
220Ra,0.018
221Ra,28
222Ra,38
223Ra,987552
224Ra,313796.16
225Ra,1287360
226Ra,50492160000
227Ra,2532
228Ra,181456200
229Ra,240
230Ra,5580
231Ra,104
232Ra,252
233Ra,30
234Ra,30
205Ac,0.02
206Ac,0.022
207Ac,0.027
208Ac,0.095
209Ac,0.087
210Ac,0.35
211Ac,0.21
212Ac,0.93
213Ac,0.738
214Ac,8.2
215Ac,0.17
216Ac,0.00044
217Ac,6.90E-08
218Ac,0.00000108
219Ac,0.0000118
220Ac,0.0264
221Ac,0.052
222Ac,5
223Ac,126
224Ac,10008
225Ac,857088
226Ac,105732
227Ac,687072067.2
228Ac,22140
229Ac,3762
230Ac,122
231Ac,450
232Ac,119
233Ac,145
234Ac,44
235Ac,62
236Ac,72
208Th,0.0017
209Th,0.0025
210Th,0.016
211Th,0.037
212Th,0.0317
213Th,0.144
214Th,0.087
215Th,1.2
216Th,0.026
217Th,0.000241
218Th,1.17E-07
219Th,0.00000105
220Th,9.7E-06
221Th,0.00168
222Th,0.0028
223Th,0.6
224Th,1.04
225Th,525
226Th,1834.2
227Th,1615420.8
228Th,60353910
229Th,2.50315E+11
230Th,2.37944E+12
231Th,91872
232Th,4.41806E+17
233Th,1309.8
234Th,2082240
235Th,426
236Th,2238
237Th,282
238Th,564
212Pa,0.0051
213Pa,0.0053
214Pa,0.017
215Pa,0.014
216Pa,0.15
217Pa,0.0036
218Pa,0.000113
219Pa,5.30E-08
220Pa,7.80E-07
221Pa,0.0000059
222Pa,0.0029
223Pa,0.0051
224Pa,0.846
225Pa,1.7
226Pa,108
227Pa,2298
228Pa,79200
229Pa,129600
230Pa,1503360
231Pa,1.03383E+12
232Pa,114048
233Pa,2330640
234Pa,24120
235Pa,1464
236Pa,546
237Pa,522
238Pa,136.8
239Pa,6480
216U,0.0045
217U,0.016
218U,0.00051
219U,0.000042
221U,6.60E-07
222U,0.0000047
223U,0.000018
224U,0.00084
225U,0.095
226U,0.268
227U,66
228U,546
229U,3480
230U,20.8
231U,362880
232U,2174318640
233U,5.02397E+12
234U,7.74739E+12
235U,2.22166E+16
236U,7.39079E+14
237U,583200
238U,1.40999E+17
239U,1407
240U,50760
242U,1008
225Np,0.0036
226Np,0.035
227Np,0.51
228Np,61.4
229Np,240
230Np,276
231Np,2928
232Np,882
233Np,2172
234Np,380160
235Np,34223040
236Np,4.82831E+12
237Np,6.76595E+13
238Np,182908.8
239Np,203558.4
240Np,3714
241Np,834
242Np,132
243Np,111
244Np,137.4
228Pu,1.1
229Pu,67
230Pu,102
231Pu,516
232Pu,2028
233Pu,1254
234Pu,31680
235Pu,1518
236Pu,90191620.8
237Pu,3943296
238Pu,2767601520
239Pu,7.60854E+11
240Pu,2.07049E+11
241Pu,452188850.4
242Pu,375000
243Pu,17841.6
244Pu,2.52461E+15
245Pu,37800
246Pu,936576
247Pu,196128
230Am,17
232Am,79
233Am,192
234Am,139.2
235Am,618
236Am,216
237Am,4416
238Am,5880
239Am,42840
240Am,182880
241Am,13651817760
242Am,57672
243Am,2.3239E+11
244Am,36360
245Am,7380
246Am,2340
247Am,1380
248Am,600
233Cm,23
234Cm,51
238Cm,7920
239Cm,9720
240Cm,2332800
241Cm,2833920
242Cm,14065920
243Cm,918326160
244Cm,571192560
245Cm,2.6581E+11
246Cm,1.4851E+11
247Cm,4.92299E+14
248Cm,1.0982E+13
249Cm,3849
250Cm,2.61928E+11
251Cm,1008
234Bk,140
237Bk,60
238Bk,144
240Bk,288
241Bk,276
242Bk,420
243Bk,16200
244Bk,15660
245Bk,427680
246Bk,155520
247Bk,43549488000
249Bk,28512000
250Bk,11563.2
251Bk,3336
237Cf,0.8
238Cf,0.0211
239Cf,39
240Cf,64
241Cf,226.8
242Cf,209.4
243Cf,642
244Cf,1164
245Cf,2700
246Cf,128520
247Cf,11196
248Cf,28814400
249Cf,11076717600
250Cf,412773408
251Cf,28338724800
252Cf,83469852
253Cf,1538784
254Cf,5227200
255Cf,5100
256Cf,738
241Es,8
242Es,17.8
243Es,21
244Es,37
245Es,66
246Es,450
247Es,273
248Es,1440
249Es,6132
250Es,30960
251Es,118800
252Es,40754880
253Es,1768608
254Es,23820480
255Es,3438720
256Es,1524
257Es,665280
241Fm,0.00073
243Fm,0.231
244Fm,0.00312
245Fm,4.2
246Fm,1.54
247Fm,31
248Fm,34.5
249Fm,156
250Fm,1800
251Fm,19080
252Fm,91404
253Fm,259200
254Fm,11664
255Fm,72252
256Fm,9456
257Fm,8683200
258Fm,0.00037
259Fm,1.5
260Fm,0.004
245Md,0.0009
246Md,0.9
247Md,1.2
248Md,13
249Md,21.7
250Md,25
251Md,256.2
252Md,138
253Md,360
254Md,1680
255Md,1620
256Md,4620
257Md,19872
258Md,4449600
259Md,5760
260Md,2747520
250No,0.0000042
251No,0.8
252No,2.44
253No,97.2
254No,51
255No,211.2
256No,2.91
257No,24.5
258No,0.0012
259No,3480
260No,0.106
262No,0.005
252Lr,0.36
253Lr,0.57
254Lr,18.4
255Lr,31.1
256Lr,27
257Lr,4
258Lr,4.1
259Lr,6.2
260Lr,180
261Lr,2340
262Lr,14400
266Lr,39600
253Rf,0.000048
254Rf,0.000023
255Rf,1.68
256Rf,0.00667
257Rf,4.4
258Rf,0.0147
259Rf,2.4
260Rf,0.021
261Rf,68
262Rf,2.3
263Rf,600
265Rf,60
255Db,1.6
256Db,1.6
257Db,2.3
258Db,4.2
259Db,0.51
260Db,1.52
261Db,1.8
262Db,35
263Db,27
267Db,73
268Db,115200
270Db,3600
258Sg,0.0029
259Sg,0.29
260Sg,0.00495
261Sg,0.178
262Sg,0.0069
263Sg,1
264Sg,0.037
265Sg,14.4
266Sg,21
269Sg,186
271Sg,144
260Bh,0.035
261Bh,0.0118
262Bh,0.022
264Bh,0.44
265Bh,0.9
266Bh,1.7
267Bh,17
270Bh,60
272Bh,10
274Bh,54
263Hs,0.00074
264Hs,0.0008
265Hs,0.0019
266Hs,0.0023
267Hs,0.052
268Hs,0.4
269Hs,9.7
270Hs,22
273Hs,0.76
275Hs,0.15
277Hs,0.003
266Mt,0.0017
268Mt,0.021
270Mt,0.005
274Mt,0.44
275Mt,0.0097
276Mt,0.72
277Mt,5
278Mt,8
267Ds,0.0000028
269Ds,0.000179
270Ds,0.0001
271Ds,0.00163
273Ds,0.00017
277Ds,0.0041
279Ds,0.18
281Ds,13
272Rg,0.0038
274Rg,0.0064
278Rg,0.0042
279Rg,0.17
280Rg,3.6
281Rg,17
282Rg,0.5
281Cn,0.13
282Cn,0.0005
283Cn,4
284Cn,0.101
285Cn,30
278Nh,0.0014
282Nh,0.07
283Nh,0.1
284Nh,0.48
285Nh,5.5
286Nh,20
284Fl,0.0025
285Fl,0.15
286Fl,0.16
287Fl,0.51
288Fl,0.52
289Fl,0.97
287Mc,32
288Mc,87
289Mc,0.22
290Mc,0.016
290Lv,0.015
291Lv,0.0063
292Lv,0.018
293Lv,0.053
293Ts,0.014
294Ts,0.08