Nuclide,Element,Z,N,A,QB-,QB1n,QB2n,Half-Life,P1n,P2n,P1n-old,P2n-old,P1n-oldest,P2n-oldest,Q_{\beta^{-}},Q_{\beta^{-}n},Q_{\beta^{-}2n},Q_{\beta^{-}3n},Half-Life-old
73Cu,Cu,29,44,73,6606.0,1086.7,0,4.20,0.029,0,0.029,0,0.029(6),,6606.0(27),1086.7(29),,,4.20(15)
74Cu,Cu,29,45,74,9750.5,1515.9,0,1.598,0.075,0,0.075,0,0.075(16),,9750.5(66),1515.9(64),,,1.598(14)
75Cu,Cu,29,46,75,8087.6,3214.1,0,1.224,2.7,0,2.7,0,2.7(6),,8087.6(30),3214.1(34),,,1.224(3)
76Cu,Cu,29,47,76,11327.0,3511.6,0,0.637,7.2,0,7.2,0,7.2(5),,11327.0(69),3511.6(70),,,0.637(8)
77Cu,Cu,29,48,77,10170,5610,0,0.4698,30.1,0,30.1,0,30.1(20),,10170(150)\#,5610(150)\#,,,0.4698(20)
78Cu,Cu,29,49,78,12990,6220,1660,0.3317,51,-1,51,-1,51(10),-1,12990(500),6220(500),1660(500),,0.3317(20)
79Cu,Cu,29,50,79,11690,7670,910,0.2413,66,0.001,66,-1,66(12),-1,11690(300)\#,7670(300)\#,910(300)\#,,0.2413(21)
80Cu,Cu,29,51,80,15450,9160,5140,0.1133,58,-1,58,-1,58(9),-1,15450(400)\#,9160(400)\#,5140(400)\#,,0.1133(64)
81Cu,Cu,29,52,81,14780,12160,5870,0.0732,80,-1,80,-1,80(20),-1,14780(500)\#,12160(500)\#,5870(500)\#,1850(500)\#,0.0732(68)
82Cu,Cu,29,53,82,16990,12810,10190,0.0323,-1,-1,-1,-1,-1,-1,16990(600)\#,12810(600)\#,10190(600)\#,3900(600)\#,0.0323($^{+74 }_{-65}$)
83Cu,Cu,29,54,83,-1,-1,-1,-1,0.001,0.001,-1,-1,-1,-1,-1,-1,-1,-1,-1
78Zn,Zn,30,48,78,6222.7,437.8,0,1.47,0.001,0,-1,0,-1,,6222.7(27),437.8(31),,,1.47(15)
79Zn,Zn,30,49,79,9115.4,2202.3,0,0.746,1.75,0,1.75,0,1.75(45),,9115.4(29),2202.3(29),,,0.746(42)
80Zn,Zn,30,50,80,7575.1,2827.8,0,0.5619,1.36,0,1.36,0,1.36(12),,7575.1(39),2827.8(32),,,0.5619(30)
81Zn,Zn,30,51,81,11428.3,4952.7,205.4,0.3035,9.8,0.001,9.8,-1,9.8(30),-1,11428.3(60),4952.7(58),205.4(54),,0.3035(31)
82Zn,Zn,30,52,82,10616.8,7242.7,767.1,0.1779,69,0.001,69,-1,69(7),-1,10616.8(39),7242.7(45),767.1(42),,0.1779(25)
83Zn,Zn,30,53,83,12970,8570,5200,0.0997,71,-1,71,-1,>71(29),-1,12970(300)\#,8570(300)\#,5200(300)\#,,0.0997(30)
84Zn,Zn,30,54,84,12160,9260,4860,0.0536,73,-1,73,-1,73(26),-1,12160(450)\#,9260(400)\#,4860(400)\#,1480(400)\#,0.0536(81)
85Zn,Zn,30,55,85,14620,10790,7880,-1,-1,-1,-1,-1,-1,-1,14620(580)\#,10790(540)\#,7880(500)\#,3490(500)\#,-1
79Ga,Ga,31,48,79,6979,1243.0,0,2.852,0.084,0,0.084,0,0.084(29),,6979(37),1243.0(40),,,2.852(10)
80Ga,Ga,31,49,80,10311.6,2232,0,1.9,0.9,0,0.9,0,0.90(7)$^m$,,10311.6(35),2232(37),,,1.9(1)
81Ga,Ga,31,50,81,8663.7,3836.0,0,1.217,12.5,0,12.5,0,12.5(8),,8663.7(39),3836.0(39),,,1.217(4)
82Ga,Ga,31,51,82,12484.3,5289.6,462.0,0.601,22.7,0.001,22.7,-1,22.7(20),-1,12484.3(33),5289.6(32),462.0(32),,0.601(2)
83Ga,Ga,31,52,83,11719.3,8086.6,891.9,0.310,67,0.001,67,-1,67(6),-1,11719.3(36),8086.6(34),891.9(33),,0.310(1)
84Ga,Ga,31,53,84,14060,8820,5180,0.0952,46,1.6,46,1.6,46(5),1.6(2),14060(200)\#,8820(200)\#,5180(200)\#,,0.0952(25)
85Ga,Ga,31,54,85,13270,10230,4980,0.0919,80,1.3,80,1.3,80(10),1.3(2),13270(300)\#,10230(300)\#,4980(300)\#,1350(300)\#,0.0919(12)
86Ga,Ga,31,55,86,15320,10970,7930,0.0492,69,16.2,69,16.2,69(8),16.2(11),15320(590)\#,10970(400)\#,7930(400)\#,2680(400)\#,0.0492(20)
87Ga,Ga,31,56,87,14830,12080,7730,0.029,81,10.2,81,10.2,81(12),10.2(28),14830(580)\#,12080(670)\#,7730(500)\#,4680(500)\#,0.029(4)
83Ge,Ge,32,51,83,8692.9,1057.7,0,1.85,-1,0,-1,0,-1,,8692.9(37),1057.7(44),,,1.85(6)
84Ge,Ge,32,52,84,7705.1,3449.6,0,0.952,10.6,0,10.6,0,10.6(6),,7705.1(45),3449.6(42),,,0.952(11)
85Ge,Ge,32,53,85,10065.7,4658.8,403.3,0.497,16.2,0.001,16.2,-1,16.2(18),-1,10065.7(48),4658.8(49),403.3(47),,0.497(6)
86Ge,Ge,32,54,86,9560,5720,310,0.222,45,0,45,0,45(15),,9560(440),5720(440),310(440),,0.222(22)
87Ge,Ge,32,55,87,11540,6810,2970,0.1032,-1,-1,-1,-1,-1,-1,11540(300)\#,6810(300)\#,2970(300)\#,,0.1032(35)
88Ge,Ge,32,56,88,10580,7410,2680,0.0608,-1,-1,-1,-1,-1,-1,10580(450)\#,7410(400)\#,2680(400)\#,,0.0608(61)
89Ge,Ge,32,57,89,13070,8920,5750,-1,-1,-1,-1,-1,-1,-1,13070(500)\#,8920(450)\#,5750(400)\#,1020(400)\#,-1
90Ge,Ge,32,58,90,12110,9510,5360,-1,-1,-1,-1,-1,-1,-1,12110(640)\#,9510(580)\#,5360(540)\#,2180(500)\#,-1
84As,As,33,51,84,10094.2,1415.7,0,4.03,0.281,0,0.281,0,0.281(38),,10094.2(37),1415.7(44),,,4.03(6)
85As,As,33,52,85,9224.5,4687.3,0,2.023,62.5,0,62.5,0,62.5(10),,9224.5(40),4687.3(36),,,2.023(7)
86As,As,33,53,86,11541.0,5380.2,842.9,0.944,35.4,0.001,35.4,-1,35.4(6),-1,11541.0(43),5380.2(43),842.9(40),,0.944(10)
87As,As,33,54,87,10808.2,6813.9,653.1,0.484,15.4,0.001,15.4,-1,15.4(22),-1,10808.2(37),6813.9(39),653.1(40),,0.484(35)
88As,As,33,55,88,13160,7640,3640,0.20,-1,-1,-1,-1,-1,-1,13160(200)\#,7640(200)\#,3640(200)\#,,0.20($^{+20}_{ -9}$)
89As,As,33,56,89,12190,9020,3490,-1,-1,-1,-1,-1,-1,-1,12190(300)\#,9020(300)\#,3490(300)\#,,-1
90As,As,33,57,90,14470,9590,6410,-1,-1,-1,-1,-1,-1,-1,14470(520)\#,9590(400)\#,6410(400)\#,880(400)\#,-1
91As,As,33,58,91,13680,10830,5950,-1,-1,-1,-1,-1,-1,-1,13680(590)\#,10830(520)\#,5950(400)\#,2770(400)\#,-1
92As,As,33,59,92,15740,11530,8680,-1,-1,-1,-1,-1,-1,-1,15740(640)\#,11530(660)\#,8680(600)\#,3800(500)\#,-1
86Se,Se,34,52,86,5129.1,1.0,0,14.1,0.001,0,-1,0,-1,,5129.1(40),1.0(40),,,14.1(2)
87Se,Se,34,53,87,7465.6,1134.8,0,5.65,0.6,0,0.6,0,0.60(12),,7465.6(39),1134.8(38),,,5.65(12)
88Se,Se,34,54,88,6831.8,1936.2,0,1.51,0.99,0,0.99,0,0.99(10),,6831.8(46),1936.2(46),,,1.51(6)
89Se,Se,34,55,89,9281.9,3652.3,0,0.44,7.8,0,7.8,0,7.8(25),,9281.9(50),3652.3(49),,,0.44(6)
90Se,Se,34,56,90,8200,4400,0,0.195,-1,0.001,-1,-1,-1,-1,8200(330),4400(330),,,0.195($^{+95}_{ -65}$)
91Se,Se,34,57,91,10530,5350,1550,0.27,21,-1,21,-1,21(10),-1,10530(430),5350(430),1550(430),,0.27(5)
92Se,Se,34,58,92,9510,6310,1130,-1,-1,-1,-1,-1,-1,-1,9510(400)\#,6310(400)\#,1130(400)\#,,-1
93Se,Se,34,59,93,12180,7450,4250,-1,-1,-1,-1,-1,-1,-1,12180(590)\#,7450(400)\#,4250(400)\#,,-1
94Se,Se,34,60,94,10600,8020,3290,-1,-1,-1,-1,-1,-1,-1,10600(580)\#,8020(660)\#,3290(500)\#,90(500)\#,-1
95Se,Se,34,61,95,13310,8870,6290,-1,-1,-1,-1,-1,-1,-1,13310(580)\#,8870(580)\#,6290(660)\#,1560(500)\#,-1
87Br,Br,35,52,87,6817.8,1302.7,0,55.64,2.53,0,2.53,0,2.53(10),,6817.8(32),1302.7(32),,,55.64(15)
88Br,Br,35,53,88,8975.3,1922.3,0,16.29,6.72,0,6.72,0,6.72(27),,8975.3(41),1922.3(32),,,16.29(8)
89Br,Br,35,54,89,8261.5,3345.7,0,4.338,13.7,0,13.7,0,13.7(6),,8261.5(39),3345.7(42),,,4.338(22)
90Br,Br,35,55,90,10959.0,4464.2,0,1.911,25.6,0,25.6,0,25.6(15),,10959.0(38),4464.2(40),,,1.911(10)
91Br,Br,35,56,91,9866.7,5780.6,0,0.544,29.8,0,29.8,0,29.8(8),,9866.7(42),5780.6(40),,,0.544(10)
92Br,Br,35,57,92,12536.5,6669.8,2583.8,0.334,33.1,-1,33.1,-1,33.1(25),-1,12536.5(72),6669.8(71),2583.8(70),,0.334(14)
93Br,Br,35,58,93,11250,7810,1940,0.152,64,-1,64,-1,64(7),-1,11250(430),7810(430),1940(430),,0.152(8)
94Br,Br,35,59,94,13950,8670,5230,0.070,30,-1,30,-1,30(10),-1,13950(300)\#,8670(300)\#,5230(300)\#,,0.070(20)
95Br,Br,35,60,95,12390,9510,4220,-1,-1,-1,-1,-1,-1,-1,12390(300)\#,9510(300)\#,4220(300)\#,780(300)\#,-1
96Br,Br,35,61,96,14920,9920,7040,-1,-1,-1,-1,-1,-1,-1,14920(300)\#,9920(300)\#,7040(300)\#,1760(300)\#,-1
97Br,Br,35,62,97,13370,10950,5960,-1,-1,-1,-1,-1,-1,-1,13370(420)\#,10950(400)\#,5960(400)\#,3080(400)\#,-1
98Br,Br,35,63,98,16060,11100,8690,-1,-1,-1,-1,-1,-1,-1,16060(500)\#,11100(420)\#,8690(400)\#,3690(400)\#,-1
91Kr,Kr,36,55,91,6771.1,319.1,0,8.57,0.001,0,-1,0,-1,,6771.1(81),319.1(69),,,8.57(4)
92Kr,Kr,36,56,92,6003.1,904.4,0,1.841,0.001,0,0.0332,0,0.0332(26),,6003.1(67),904.4(83),,,1.841(8)
93Kr,Kr,36,57,93,8483.9,2565.1,0,1.284,1.99,0,1.99,0,1.99(20),,8483.9(82),2565.1(66),,,1.284(12)
94Kr,Kr,36,58,94,7215,3201,0,0.211,1.11,0,1.11,0,1.11(7),,7215(12),3201(14),,,0.211(5)
95Kr,Kr,36,59,95,9733,4333,318,0.114,2.87,0.001,2.87,-1,2.87(18),-1,9733(28),4333(19),318(20),,0.114(3)
96Kr,Kr,36,60,96,8275,4741,0,0.080,3.7,0,3.7,0,3.7(4),,8275(21),4741(29),,,0.080(7)
97Kr,Kr,36,61,97,11100,5860,2330,0.0621,6.7,-1,6.7,-1,6.7(6),-1,11100(130),5860(130),2330(130),,0.0621(40)
98Kr,Kr,36,62,98,10060,6140,900,0.043,7,0.001,7,-1,7.0(10),-1,10060(300)\#,6140(300)\#,900(300)\#,,0.043(4)
99Kr,Kr,36,63,99,12360,7540,3620,0.037,11,-1,11,-1,11(7),-1,12360(400)\#,7540(400)\#,3620(400)\#,,0.037(11)
100Kr,Kr,36,64,100,11200,8000,3170,0.007,-1,-1,-1,-1,-1,-1,11200(400)\#,8000(400)\#,3170(400)\#,,0.007($^{+11}_{ -3}$)
101Kr,Kr,36,65,101,13720,9050,5850,-1,-1,-1,-1,-1,-1,-1,13720(540)\#,9050(500)\#,5850(500)\#,1030(500)\#,-1
91Rb,Rb,37,54,91,5906.9,131.8,0,57.9,0.001,0,-1,0,-$^?$,,5906.9(89),131.8(81),,,57.9(2)
92Rb,Rb,37,55,92,8094.9,808.2,0,4.50,0.001,0,0.0109,0,0.0109(7),,8094.9(64),808.2(76),,,4.50(2)
93Rb,Rb,37,56,93,7465.9,2176.1,0,5.85,1.6,0,1.6,0,1.60(10),,7465.9(89),2176.1(86),,,5.85(3)
94Rb,Rb,37,57,94,10282.9,3451.7,0,2.704,10.39,0,10.39,0,10.39(22),,10282.9(26),3451.7(78),,,2.704(15)
95Rb,Rb,37,58,95,9228,4883,0,0.378,8.8,0,8.8,0,8.8(4),,9228(20),4883(20),,,0.378(2)
96Rb,Rb,37,59,96,11569.8,5693.9,1348.7,0.2016,14.1,-1,14.1,-1,14.1(8),-1,11569.8(91),5693.9(67),1348.7(37),,0.2016(10)
97Rb,Rb,37,60,97,10062.3,6333.7,457.8,0.1690,24.9,0.001,24.9,-1,24.9(15),-1,10062.3(39),6333.7(87),457.8(61),,0.1690(10)
98Rb,Rb,37,61,98,12054,6141,2412,0.115,14.3,0.054,14.3,0.054,14.3(9)$^m$,0.054(7)$^m$,12054(16),6141(16),2412(18),,0.115(6)
99Rb,Rb,37,62,99,11400.3,7230.6,1317.7,0.0578,19.1,-1,19.1,-1,19.1(23),-1,11400.3(62),7230.6(52),1317.7(53),,0.0578(9)
100Rb,Rb,37,63,100,13574,8203,4033,0.051,5.6,0.15,5.6,0.15,5.6(12),0.15(5),13574(21),8203(20),4033(20),,0.051(2)
101Rb,Rb,37,64,101,12480,8910,3530,0.031,28,-1,28,-1,28(5),-1,12480(200)\#,8910(200)\#,3530(200)\#,,0.031($^{+5}_{-4}$)
102Rb,Rb,37,65,102,14450,9550,5970,0.037,18,-1,18,-1,18(8),-1,14450(310)\#,9550(300)\#,5970(300)\#,600(300)\#,0.037(5)
103Rb,Rb,37,66,103,13810,10480,5570,0.023,-1,-1,-1,-1,-1,-1,13810(450)\#,10480(410)\#,5570(400)\#,2000(400)\#,0.023($^{+13}_{-9}$)
104Rb,Rb,37,67,104,-1,-1,-1,-1,0.001,0.001,-1,-1,-1,-1,-1,-1,-1,-1,-1
96Sr,Sr,38,58,96,5411.7,213,0,1.069,0.001,0,-1,0,-1,,5411.7(97),213(11),,,1.069(13)
97Sr,Sr,38,59,97,7540.0,1683.1,0,0.429,0.03,0,0.03,0,0.03(2),,7540.0(75),1683.1(70),,,0.429(5)
98Sr,Sr,38,60,98,5871.7,1627.0,0,0.653,0.23,0,0.23,0,0.23(3),,5871.7(86),1627.0(75),,,0.653(2)
99Sr,Sr,38,61,99,8128.4,1702.1,0,0.269,0.096,0,0.096,0,0.096(16),,8128.4(81),1702.1(92),,,0.269(2)
100Sr,Sr,38,62,100,7506,2757.6,0,0.2007,1.11,0,1.11,0,1.11(21),,7506(13),2757.6(98),,,0.2007(13)
101Sr,Sr,38,63,101,9736,3931,0,0.115,2.52,0,2.52,0,2.52(25),,9736(11),3931(14),,,0.115(1)
102Sr,Sr,38,64,102,9014,4830,0,0.072,5.5,0,5.5,0,5.5(20),,9014(67),4830(67),,,0.072(8)
103Sr,Sr,38,65,103,11040,5680,1500,0.053,-1,-1,-1,-1,-1,-1,11040(200)\#,5680(200)\#,1500(200)\#,,0.053(10)
104Sr,Sr,38,66,104,9960,6280,920,0.053,-1,0.001,-1,-1,-1,-1,9960(500)\#,6280(300)\#,920(300)\#,,0.053(5)
105Sr,Sr,38,67,105,12700,7380,3700,0.039,-1,-1,-1,-1,-1,-1,12700(1400)\#,7380(640)\#,3700(500)\#,,0.039(5)
106Sr,Sr,38,68,106,11260,8400,3130,0.020,-1,-1,-1,-1,-1,-1,11260(780)\#,8400(1500)\#,3130(720)\#,-550(600)\#,0.020($^{+8}_{-7}$)
107Sr,Sr,38,69,107,13470,9080,6200,-1,-1,-1,-1,-1,-1,-1,13470(860)\#,9080(860)\#,6200(1500)\#,950(810)\#,-1
97Y,Y,39,58,97,6821.2,1246.1,0,3.74,0.058,0,0.058,0,0.058(10),,6821.2(67),1246.1(67),,,3.74(5)
98Y,Y,39,59,98,8992,2576.6,0,0.548,0.33,0,0.33,0,0.33(3),,8992(12),2576.6(79),,,0.548(2)
99Y,Y,39,60,99,6971,2566,0,1.478,1.97,0,1.97,0,1.97(30),,6971(12),2566(11),,,1.478(7)
100Y,Y,39,61,100,9050,2222,0,0.732,1.02,0,1.02,0,1.02(6)$^m$,,9050(14),2222(15),,,0.732(5)
101Y,Y,39,62,101,8105,3245,0,0.432,1.98,0,1.98,0,1.98(20),,8105(11),3245(11),,,0.432(12)
102Y,Y,39,63,102,10414.5,3921.5,0,0.30,4,0,4,0,4.0(15),,10414.5(97),3921.5(93),,,0.30(1)
103Y,Y,39,64,103,9358,5059,0,0.236,8.1,0,8.1,0,8.1(20),,9358(15),5059(14),,,0.236(16)
104Y,Y,39,65,104,11660,5680,1380,0.212,34,-1,34,-1,34(10),-1,11660(400)\#,5680(400)\#,1380(400)\#,,0.212(20)
105Y,Y,39,66,105,10200,6400,400,0.107,82,0.001,82,-1,$\leq$82,-1,10200(1300),6400(1300),400(1300),,0.107($^{+6}_{-9}$)
106Y,Y,39,67,106,12500,7340,3530,0.082,-1,-1,-1,-1,-1,-1,12500(660)\#,7340(500)\#,3530(500)\#,,0.082($^{+10}_{-5}$)
107Y,Y,39,68,107,12000,8110,2960,0.0335,-1,-1,-1,-1,-1,-1,12000(1200)\#,8110(660)\#,2960(500)\#,,0.0335(30)
108Y,Y,39,69,108,14060,9000,5110,0.030,-1,-1,-1,-1,-1,-1,14060(720)\#,9000(1300)\#,5110(740)\#,-50(600)\#,0.030(5)
109Y,Y,39,70,109,12990,10080,5000,0.025,-1,-1,-1,-1,-1,-1,12990(860)\#,10080(810)\#,5000(1300)\#,1140(820)\#,0.025(5)
103Zr,Zr,40,63,103,7213,417.9,0,1.380,0.001,0.001,1,-1,$\leq$1,-1,7213(10),417.9(96),,,1.380(72)
104Zr,Zr,40,64,104,6095.0,1233,0,0.920,1,0.001,1,-1,$\leq$1,-1,6095.0(97),1233(10),,,0.920(28)
105Zr,Zr,40,65,105,8451,2283,0,0.666,2,0.001,2,-1,$\leq$2,-1,8451(13),2283(12),,,0.666(28)
106Zr,Zr,40,66,106,7650,3290,0,0.175,7,0.001,7,-1,$\leq$7,-1,7650(430),3290(430),,,0.175(7)
107Zr,Zr,40,67,107,9300,3800,-600,0.150,23,0.001,23,-1,$\leq$23,-1,9300(1100),3800(1100),-600(1100),,0.150(3)
108Zr,Zr,40,68,108,8190,4300,0,0.0785,-1,0.001,-1,-1,-1,-1,8190(400)\#,4300(400)\#,,,0.0785(20)
109Zr,Zr,40,69,109,10500,5280,1390,0.056,-1,-1,-1,-1,-1,-1,10500(570)\#,5280(500)\#,1390(500)\#,,0.056(3)
110Zr,Zr,40,70,110,9400,5730,520,0.0375,-1,0,-1,0,-1,,9400(1000)\#,5730(650)\#,520(600)\#,,0.0375(20)
111Zr,Zr,40,71,111,11320,6700,2990,0.0240,-1,-1,-1,-1,-1,-1,11320(760)\#,6700(1100)\#,2990(750)\#,,0.0240(50)
112Zr,Zr,40,72,112,10460,6990,2400,0.030,-1,-1,-1,-1,-1,-1,10460(760)\#,6990(760)\#,2400(1100)\#,,0.030($^{+30}_{-10}$)
113Zr,Zr,40,73,113,-1,-1,-1,-1,0.001,0.001,-1,-1,-1,-1,-1,-1,-1,,-1
103Nb,Nb,41,62,103,5932,466.1,0,1.36,0.001,0,-1,0,-1,,5932(10),466.1(92),,,1.36(7)
104Nb,Nb,41,63,104,8531.0,1070.3,0,4.9,0.06,0,0.06,0,0.06(3),,8531.0(93),1070.3(96),,,4.9(4)
105Nb,Nb,41,64,105,7421.6,2363.1,0,2.91,1.7,0,1.7,0,1.7(9),,7421.6(99),2363.1(98),,,2.91(7)
106Nb,Nb,41,65,106,9931,3062.5,0,1.013,4.5,0,4.5,0,4.5(3),,9931(10),3062.5(100),,,1.013(42)
107Nb,Nb,41,66,107,8828,4339,0,0.287,7.4,0,7.4,0,7.4(10),,8828(12),4339(12),,,0.287(11)
108Nb,Nb,41,67,108,11210,4934,446,0.192,6.3,0.001,6.3,-1,6.3(5),-1,11210(12),4934(12),446(12),,0.192(6)
109Nb,Nb,41,68,109,9980,5990,0,0.113,31,0,31,0,31(5),,9980(260),5990(260),,,0.113(11)
110Nb,Nb,41,69,110,12230,6280,2300,0.075,40,-1,40,-1,40(8)$^m$,-1,12230(840),6280(840),2300(840),,0.075(1)
111Nb,Nb,41,70,111,11060,7600,1650,0.054,-1,-1,-1,-1,-1,-1,11060(300)\#,7600(300)\#,1650(300)\#,,0.054(2)
112Nb,Nb,41,71,112,13190,7600,4130,0.038,-1,-1,-1,-1,-1,-1,13190(360)\#,7600(300)\#,4130(300)\#,,0.038(2)
113Nb,Nb,41,72,113,11980,8880,3290,0.032,-1,-1,-1,-1,-1,-1,11980(500)\#,8880(450)\#,3290(400)\#,-180(400)\#,0.032(4)
114Nb,Nb,41,73,114,14420,9030,5930,0.017,-1,-1,-1,-1,-1,-1,14420(590)\#,9030(590)\#,5930(540)\#,340(500)\#,0.017(5)
115Nb,Nb,41,74,115,13400,10380,4990,0.023,-1,-1,-1,-1,-1,-1,13400(640)\#,10380(590)\#,4990(590)\#,1900(540)\#,0.023(8)
116Nb,Nb,41,75,116,-1,-1,-1,-1,0.001,0.001,-1,-1,-1,-1,-1,-1,-1,-1,-1
109Mo,Mo,42,67,109,7617,1185,0,0.692,1.3,0,1.3,0,1.3(6),,7617(15),1185(14),,,0.692(26)
110Mo,Mo,42,68,110,6492,1669,0,0.287,2,0,2,0,2.0(7),,6492(26),1669(26),,,0.287(10)
111Mo,Mo,42,69,111,9084.9,3023,0,0.186,12,0,12,0,$\leq$12,,9084.9(68),3023(15),,,0.186(9)
112Mo,Mo,42,70,112,7800,3490,0,0.125,-1,0,-1,0,-1,,7800(200)\#,3490(200)\#,,,0.125(5)
113Mo,Mo,42,71,113,10320,4700,390,0.080,-1,0,-1,0,-1,,10320(300)\#,4700(300)\#,390(300)\#,,0.080(2)
114Mo,Mo,42,72,114,8790,4930,0,0.058,-1,0,-1,0,-1,,8790(530)\#,4930(300)\#,,,0.058(2)
115Mo,Mo,42,73,115,11570,5780,1920,0.0455,-1,-1,-1,-1,-1,-1,11570(890)\#,5780(590)\#,1920(400)\#,,0.0455(20)
116Mo,Mo,42,74,116,9960,6750,960,0.032,-1,0.001,-1,-1,-1,-1,9960(580)\#,6750(940)\#,960(660)\#,,0.032(4)
117Mo,Mo,42,75,117,12210,7210,4010,0.022,-1,-1,-1,-1,-1,-1,12210(640)\#,7210(580)\#,4010(930)\#,,0.022(5)
118Mo,Mo,42,76,118,11160,7680,2680,0.019,-1,-1,-1,-1,-1,-1,11160(640)\#,7680(640)\#,2680(580)\#,-520(930)\#,0.019($^{+7}_{-4}$)
119Mo,Mo,42,77,119,-1,-1,-1,-1,0.001,0.001,-1,-1,-1,-1,-1,-1,-1,-1,-1
109Tc,Tc,43,66,109,6456,1307,0,0.89,0.08,0,0.08,0,0.08(2),,6456(13),1307(12),,,0.89(7)
110Tc,Tc,43,67,110,9038,1633,0,0.911,0.04,0,0.04,0,0.04(2),,9038(13),1633(13),,,0.911(14)
111Tc,Tc,43,68,111,7761,2977,0,0.294,0.85,0,0.85,0,0.85(20),,7761(14),2977(13),,,0.294(20)
112Tc,Tc,43,69,112,10372,3455,0,0.305,1.7,0,1.7,0,1.7(4),,10372(11),3455(11),,,0.305(10)
113Tc,Tc,43,70,113,9057,4748,0,0.152,2.1,0,2.1,0,2.1(3),,9057(37),4748(10),,,0.152(8)
114Tc,Tc,43,71,114,11620,5200,890,0.090,1.3,0,1.3,0,1.3(4)$^m$,,11620(430),5200(430),890(430),,0.090(20)
115Tc,Tc,43,72,115,9870,5830,-590,0.078,-1,0.001,-1,-1,-1,-1,9870(790),5830(790),-590(790),,0.078(2)
116Tc,Tc,43,73,116,12610,6660,2620,0.057,-1,-1,-1,-1,-1,-1,12610(300)\#,6660(310)\#,2620(300)\#,,0.057(3)
117Tc,Tc,43,74,117,11110,7620,1670,0.0445,-1,-1,-1,-1,-1,-1,11110(590)\#,7620(400)\#,1670(410)\#,,0.0445(30)
118Tc,Tc,43,75,118,13470,7630,4140,0.030,-1,-1,-1,-1,-1,-1,13470(450)\#,7630(590)\#,4140(400)\#,,0.030(4)
119Tc,Tc,43,76,119,12190,8820,2980,0.022,-1,-1,-1,-1,-1,-1,12190(590)\#,8820(540)\#,2980(660)\#,,0.022(3)
120Tc,Tc,43,77,120,14490,8980,5600,0.021,-1,-1,-1,-1,-1,-1,14490(640)\#,8980(590)\#,5600(540)\#,-240(660)\#,0.021(5)
121Tc,Tc,43,78,121,13270,10160,4640,0.022,-1,-1,-1,-1,-1,-1,13270(640)\#,10160(640)\#,4640(580)\#,1270(540)\#,0.022(6)
122Tc,Tc,43,79,122,-1,-1,-1,-1,0.001,0.001,-1,-1,-1,-1,-1,-1,-1,-1,-1
114Ru,Ru,44,70,114,5489,474.4,0,0.543,0.001,0,-1,0,-1,,5489(72),474.4(79),,,0.543(50)
115Ru,Ru,44,71,115,8040,1450,0,0.318,-1,0,-1,0,-1,,8040(89),1450(110),,,0.318(19)
116Ru,Ru,44,72,116,6667,2089.6,0,0.204,-1,0,-1,0,-1,,6667(74),2089.6(82),,,0.204(6)
117Ru,Ru,44,73,117,9410,3170,0,0.151,-1,0,-1,0,-1,,9410(430),3170(440),,,0.151(3)
118Ru,Ru,44,74,118,7630,3570,0,0.099,-1,0,-1,0,-1,,7630(200)\#,3570(200)\#,,,0.099(3)
119Ru,Ru,44,75,119,10260,4250,190,0.0695,-1,0,-1,0,-1,,10260(300)\#,4250(300)\#,190(300)\#,,0.0695(20)
120Ru,Ru,44,76,120,8800,4740,0,0.045,-1,0,-1,0,-1,,8800(450)\#,4740(400)\#,,,0.045(2)
121Ru,Ru,44,77,121,11200,5700,1630,0.029,-1,-1,-1,-1,-1,-1,11200(740)\#,5700(450)\#,1630(400)\#,,0.029(2)
122Ru,Ru,44,78,122,9930,6030,520,0.025,-1,0,-1,0,-1,,9930(580)\#,6030(800)\#,520(540)\#,,0.025(1)
123Ru,Ru,44,79,123,12280,6930,3030,0.019,-1,-1,-1,-1,-1,-1,12280(640)\#,6930(580)\#,3030(800)\#,,0.019(2)
124Ru,Ru,44,80,124,10930,7330,1980,0.015,-1,-1,-1,-1,-1,-1,10930(720)\#,7330(720)\#,1980(670)\#,,0.015(3)
125Ru,Ru,44,81,125,-1,-1,-1,-1,0.001,0.001,-1,-1,-1,-1,-1,-1,-1,,-1
115Rh,Rh,45,70,115,6197,1190,0,1.03,-1,0,-1,0,-1,,6197(15),1190(10),,,1.03(3)
116Rh,Rh,45,71,116,9096,1619,0,0.69,2.1,0,2.1,0,$\leq$ 2.1$^m$,,9096(74),1619(75),,,0.69(5)
117Rh,Rh,45,72,117,7527,2863,0,0.42,7.6,0,7.6,0,$\leq$ 7.6,,7527(11),2863(11),,,0.42(4)
118Rh,Rh,45,73,118,10501,3466,0,0.285,3.1,0,3.1,0,3.1(14),,10501(24),3466(25),,,0.285(10)
119Rh,Rh,45,74,119,8585,4494.6,0,0.190,6.4,0,6.4,0,6.4(16),,8585(12),4494.6(96),,,0.190(6)
120Rh,Rh,45,75,120,11470,4520,430,0.131,5.4,0.001,5.4,-1,$\leq$ 5.4,-1,11470(200)\#,4520(200)\#,430(200)\#,,0.131(5)
121Rh,Rh,45,76,121,9930,5960,0,0.076,-1,0,-1,0,-1,,9930(620),5960(620),,,0.076(5)
122Rh,Rh,45,77,122,12540,6030,2060,0.051,-1,-1,-1,-1,-1,-1,12540(300)\#,6030(300)\#,2060(300)\#,,0.051(6)
123Rh,Rh,45,78,123,11070,7190,680,0.042,-1,0.001,-1,-1,-1,-1,11070(890)\#,7190(400)\#,680(400)\#,,0.042(4)
124Rh,Rh,45,79,124,13500,7470,3580,0.030,-1,-1,-1,-1,-1,-1,13500(500)\#,7470(890)\#,3580(400)\#,,0.030(2)
125Rh,Rh,45,80,125,12120,8320,2290,0.0265,-1,-1,-1,-1,-1,-1,12120(640)\#,8320(580)\#,2290(930)\#,,0.0265(20)
126Rh,Rh,45,81,126,14560,8750,4950,0.019,-1,-1,-1,-1,-1,-1,14560(640)\#,8750(640)\#,4950(580)\#,,0.019(3)
127Rh,Rh,45,82,127,13150,9760,3950,0.020,-1,-1,-1,-1,-1,-1,13150(780)\#,9760(720)\#,3950(720)\#,150(670)\#,0.020($^{+20}_{-7}$)
128Rh,Rh,45,83,128,-1,-1,-1,-1,0.001,0.001,-1,-1,-1,-1,-1,-1,-1,-1,-1
119Pd,Pd,46,73,119,7238,74.6,0,0.92,0.001,0,-1,0,-1,,7238(17),74.6(86),,,0.92(11)
120Pd,Pd,46,74,120,5371.5,294,0,0.492,0.001,0,-1,0,-$^?$,,5371.5(50),294(15),,,0.492(33)
121Pd,Pd,46,75,121,8220,1397.9,0,0.290,-1,0,-1,0,-$^?$,,8220(13),1397.9(56),,,0.290(1)
122Pd,Pd,46,76,122,6490,1715,0,0.193,-1,0,-1,0,-$^?$,,6490(43),1715(23),,,0.193(6)
123Pd,Pd,46,77,123,9120,2610,0,0.108,10,0,10,0,10(6),,9120(790),2610(790),,,0.108(2)
124Pd,Pd,46,78,124,7810,3090,0,0.081,17,0,17,0,17(5),,7810(390)\#,3090(300)\#,,,0.081(17)
125Pd,Pd,46,79,125,10400,4010,0,0.060,12,0,12,0,12(4),,10400(590)\#,4010(470)\#,,,0.060(7)
126Pd,Pd,46,80,126,8820,4590,0,0.0486,22,0,22,0,22(9),,8820(450)\#,4590(590)\#,,,0.0486(8)
127Pd,Pd,46,81,127,11260,5430,1200,0.038,19,0,19,0,<19,,11260(540)\#,5430(540)\#,1200(660)\#,,0.038(2)
128Pd,Pd,46,82,128,10130,5880,50,0.035,-1,0,-1,0,-1,,10130(580)\#,5880(540)\#,50(540)\#,,0.035(3)
129Pd,Pd,46,83,129,14370,8940,4690,0.031,-1,0,-1,0,-1,,14370(720)\#,8940(670)\#,4690(630)\#,,0.031(7)
130Pd,Pd,46,84,130,-1,-1,-1,-1,0.001,0.001,-1,-1,-1,-1,-1,-1,-1,-1,-1
131Pd,Pd,46,85,131,-1,-1,-1,-1,0.001,0.001,-1,-1,-1,-1,-1,-1,-1,-1,-1
119Ag,Ag,47,72,119,5331,-15,0,0,0,0,0,0,,,5331(36),-15(25),,,
120Ag,Ag,47,73,120,8305.9,254,0,0.94,0.001,0,0.003,0,<0.003$^m$,,8305.9(58),254(38),,,0.94(10)
121Ag,Ag,47,74,121,6671,1483,0,0.777,0.08,0,0.08,0,0.080(13),,6671(12),1483(13),,,0.777(12)
122Ag,Ag,47,75,122,9506,1896,0,0.529,0.186,0,0.186,0,0.186(6)$^m$,,9506(38),1896(38),,,0.529(19)
123Ag,Ag,47,76,123,7866,2993,0,0.296,0.56,0,0.56,0,0.56(9),,7866(31),2993(31),,,0.296(7)
124Ag,Ag,47,77,124,10500,3140,0,0.191,1.3,0,1.3,0,1.3(9)$^m$,,10500(250),3140(250),,,0.191(28)
125Ag,Ag,47,78,125,8830,4110,0,0.160,11.8,0,11.8,0,11.8(10),,8830(430),4110(430),,,0.160(7)
126Ag,Ag,47,79,126,11580,4600,-120,0.052 ,-1,0,-1,0,-1,,11580(200)\#,4600(200)\#,-120(200)\#,,0.052 (10)
127Ag,Ag,47,80,127,10310,5750,0,0.084,14.6,0,14.6,0,14.6(15),,10310(200)\#,5750(200)\#,,,0.084(5)
128Ag,Ag,47,81,128,12620,6060,1490,0.060,20,-1,20,-1,20(5),-1,12620(300)\#,6060(300)\#,1490(300)\#,,0.060(5)
129Ag,Ag,47,82,129,11080,7190,620,0.050,20,0,20,0,<20,,11080(400)\#,7190(400)\#,620(400)\#,,0.050(4)
130Ag,Ag,47,83,130,15420,9290,5400,0.041,-1,-1,-1,-1,-1,-1,15420(500)\#,9290(500)\#,5400(500)\#,,0.041(5)
131Ag,Ag,47,84,131,14840,12670,6540,0.035,-1,0,-1,0,-1,,14840(510)\#,12670(500)\#,6540(500)\#,2650(500)\#,0.035(8)
132Ag,Ag,47,85,132,16470,13360,11180,0.028,-1,0,-1,0,-1,,16470(540)\#,13360(510)\#,11180(500)\#,5050(500)\#,0.028($^{+5}_{ -12}$)
126Cd,Cd,48,78,126,5516,149,0,0.514,0.001,0,-1,0,-1,,5516(27),149(27),,,0.514(9)
127Cd,Cd,48,79,127,8149,954,0,0.45,0.001,0,-1,0,-1,,8149(24),954(30),,,0.45($^{+12}_{ -8}$)
128Cd,Cd,48,80,128,6900,1583,0,0.2461,-1,0,-1,0,-1,,6900(150),1583(22),,,0.2461(21)
129Cd,Cd,48,81,129,9780,3020,0,0.151,-1,0,-1,0,obs.,,9780(17),3020(150),,,0.151(4)
130Cd,Cd,48,82,130,8766,3649,0,0.127,3.5,0,3.5,0,3.5(10),,8766(44),3649(23),,,0.127(2)
131Cd,Cd,48,83,131,12810,6590,1480,0.083,3.5,-1,3.5,-1,3.5(10),-1,12810(100),6590(110),1480(100),,0.083(15)
132Cd,Cd,48,84,132,12150,9690,3480,0.084,60,-1,60,-1,60(15),-1,12150(210)\#,9690(200)\#,3480(200)\#,,0.084(5)
133Cd,Cd,48,85,133,13540,10420,7960,0.064,-1,-1,-1,-1,obs.,-1,13540(360)\#,10420(300)\#,7960(300)\#,1750(300)\#,0.064(8)
134Cd,Cd,48,86,134,12740,10470,7350,0.065,-1,-1,-1,-1,-1,-1,12740(500)\#,10470(450)\#,7350(400)\#,4890(400)\#,0.065(15)
126In,In,49,77,126,8242,52,0,1.087,0.001,0,0.03,0,<0.03,,8242(27),52(27),,,1.087(11)
127In,In,49,78,127,6575,1048,0,0.84,0.0384,0,0.0384,0,0.0384(36)$^m$,,6575(19),1048(24),,,0.84(6)
128In,In,49,79,128,9220,1250,0,0.609,0.23,0,0.23,0,0.23(10),,9220(150),1250(150),,,0.609(7)
129In,In,49,80,129,7753,2453,0,0.275,1.2,0,1.2,0,1.20(29),,7753(17),2453(18),,,0.275(8)
130In,In,49,81,130,10249,2636,0,0.266,2.21,0,2.21,0,2.21(27)$^m$,,10249(38),2636(42),,,0.266(8)
131In,In,49,82,131,9239.5,4035.9,0,0.200,7.4,0.001,7.4,-1,7.4(14),-1,9239.5(45),4035.9(33),,,0.200(2)
132In,In,49,83,132,14135,6782,1578,0.162,74,-1,74,-1,74(5),-1,14135(60),6782(60),1578(60),,0.162(2)
133In,In,49,84,133,13410,11010,3660,0.167,80,0,80,0,80(5),,13410(200)\#,11010(200)\#,3660(200)\#,,0.167(11)
134In,In,49,85,134,14770,11140,8740,0.136,65,-1,65,-1,$sim$65,-1,14770(300)\#,11140(300)\#,8740(300)\#,1390(300)\#,0.136(5)
135In,In,49,86,135,14100,11830,8200,0.101,-1,-1,-1,-1,-1,-1,14100(400)\#,11830(400)\#,8200(400)\#,5800(400)\#,0.101(5)
136In,In,49,87,136,15390,12050,9780,0.085,-1,-1,-1,-1,-1,-1,15390(500)\#,12050(400)\#,9780(400)\#,6150(400)\#,0.085($^{+10}_{-8}$)
137In,In,49,88,137,14750,12790,9450,0.065,-1,-1,-1,-1,-1,-1,14750(640)\#,12790(580)\#,9450(500)\#,7180(500)\#,0.065($^{+40}_{-30}$)
133Sn,Sn,50,83,133,8049.6,690.1,0,1.42,0.001,0,0.0294,0,0.0294(24),,8049.6(37),690.1(31),,,1.42(6)
134Sn,Sn,50,84,134,7586.8,4418.4,0,0.899,17,0,17,0,17(13),,7586.8(36),4418.4(45),,,0.899(32)
135Sn,Sn,50,85,135,9058.1,5317.0,2148.6,0.516,21,-1,21,-1,21(3),-1,9058.1(41),5317.0(35),2148.6(44),,0.516(5)
136Sn,Sn,50,86,136,8610,5720,1980,0.345,27,-1,27,-1,27(4),-1,8610(300)\#,5720(300)\#,1980(300)\#,,0.345(15)
137Sn,Sn,50,87,137,10270,6650,3760,0.252,50,-1,50,-1,50(10),-1,10270(400)\#,6650(400)\#,3760(400)\#,20(400)\#,0.252(22)
138Sn,Sn,50,88,138,9400,7130,3500,0.140,-1,-1,-1,-1,-1,-1,9400(1200)\#,7130(510)\#,3500(500)\#,620(500)\#,0.140($^{+30}_{-20}$)
139Sn,Sn,50,89,139,11350,7700,5480,0.130,-1,-1,-1,-1,-1,-1,11350(640)\#,7700(1200)\#,5480(500)\#,1850(500)\#,0.130(60)
140Sn,Sn,50,90,140,-1,-1,-1,-1,0.001,0.001,-1,-1,-1,-1,-1,-1,-1,-1,-1
134Sb,Sb,51,83,134,8513.2,845.3,0,0.675,0.001,0,-1,0,-1,,8513.2(32),845.3(27),,,0.675(6)
135Sb,Sb,51,84,135,8038.5,4772.1,0,1.668,20,0,20,0,20.0(29),,8038.5(32),4772.1(38),,,1.668(10)
136Sb,Sb,51,85,136,9918.4,5150.6,1884.2,0.923,24.9,0.14,24.9,0.14,24.9(73),0.14(3),9918.4(63),5150.6(61),1884.2(64),,0.923(14)
137Sb,Sb,51,86,137,9243,6294,1526,0.492,49,-1,49,-1,49(8),-1,9243(52),6294(52),1526(52),,0.492(25)
138Sb,Sb,51,87,138,11500,7000,4100,0.348,72,-1,72,-1,72(8),-1,11500(1100),7000(1100),4100(1100),-700(1100),0.348(15)
139Sb,Sb,51,88,139,10420,7840,3370,0.093,90,-1,90,-1,90(10),-1,10420(400)\#,7840(400)\#,3370(400)\#,420(400)\#,0.093($^{+14}_{-3}$)
140Sb,Sb,51,89,140,12640,8200,5610,0.173,23,7.6,23,7.6,23(4),7.6(25),12640(600)\#,8200(600)\#,5610(600)\#,1150(600)\#,0.173(12)
141Sb,Sb,51,90,141,11380,9400,4950,-1,-1,-1,-1,-1,-1,-1,11380(640)\#,9400(500)\#,4950(500)\#,2370(500)\#,-1
142Sb,Sb,51,91,142,-1,-1,-1,-1,0.001,0.001,-1,-1,-1,-1,-1,-1,-1,-1,-1
136Te,Te,52,84,136,5120,1282.6,0,17.67,1.37,0,1.37,0,1.37(5),,5120(14),1282.6(31),,,17.67(9)
137Te,Te,52,85,137,7052.5,2170,0,2.51,2.91,0,2.91,0,2.91(16),,7052.5(86),2170(14),,,2.51(5)
138Te,Te,52,86,138,6283.9,2589.0,0,1.4,4.82,0,4.82,0,4.82(23),,6283.9(71),2589.0(92),,,1.4(4)
139Te,Te,52,87,139,8265.9,3703.5,8.6,1.58,-1,0,-1,0,-1,,8265.9(53),3703.5(69),8.6(91),,1.58($^{+46}_{-19}$)
140Te,Te,52,88,140,7030,3823,0,0.350,-1,0,-1,0,obs.,,7030(64),3823(63),,,0.350(5)
141Te,Te,52,89,141,9440,5050,1840,-1,-1,-1,-1,-1,-1,-1,9440(400)\#,5050(400)\#,1840(400)\#,,-1
142Te,Te,52,90,142,8400,5490,1090,-1,-1,-1,-1,-1,-1,-1,8400(630)\#,5490(500)\#,1090(500)\#,,-1
143Te,Te,52,91,143,10350,6420,3510,-1,-1,-1,-1,-1,-1,-1,10350(540)\#,6420(630)\#,3510(500)\#,,-1
144Te,Te,52,92,144,-1,-1,-1,-1,0.001,0.001,-1,-1,-1,-1,-1,-1,-1,,-1
145Te,Te,52,93,145,-1,-1,-1,-1,0.001,0.001,-1,-1,-1,-1,-1,-1,-1,,-1
137I,7I,53,84,137,6027.1,2001.6,0,24.59,7.63,0,7.63,0,7.63(14),,6027.1(84),2001.6(84),,,24.59(10)
138I,8I,53,85,138,7992.3,2332.2,0,6.251,5.3,0,5.3,0,5.30(21),,7992.3(66),2332.2(60),,,6.251(31)
139I,9I,53,86,139,7173.6,3430.0,0,2.280,9.74,0,9.74,0,9.74(33),,7173.6(45),3430.0(49),,,2.280(11)
140I,0I,53,87,140,9380,3967,223,0.86,7.88,0.001,7.88,-1,7.88(43),-1,9380(12),3967(12),223(12),,0.86(4)
141I,1I,53,88,141,8271,4988,0,0.43,21.2,0,21.2,0,21.2(30),,8271(16),4988(16),,,0.43(2)
142I,2I,53,89,142,10460,5360,2070,$\sim$ 0.2,-1,-1,-1,-1,-1,-1,10460(370),5360(370),2070(370),,$\sim$ 0.2
143I,3I,53,90,143,9570,6530,1420,-1,-1,-1,-1,-1,-1,-1,9570(200)\#,6530(200)\#,1420(200)\#,,-1
144I,4I,53,91,144,11590,6850,3810,-1,-1,-1,-1,-1,-1,-1,11590(400)\#,6850(400)\#,3810(400)\#,,-1
145I,5I,53,92,145,10550,7860,3120,-1,-1,-1,-1,-1,-1,-1,10550(500)\#,7860(500)\#,3120(500)\#,80(500)\#,-1
146I,6I,53,93,146,-1,-1,-1,-1,0.001,0.001,-1,-1,-1,-1,-1,-1,-1,-1,-1
147I,7I,53,94,147,-1,-1,-1,-1,0.001,0.001,-1,-1,-1,-1,-1,-1,-1,-1,-1
141Xe,Xe,54,87,141,6280.2,781.5,0,1.728,0.001,0,0.0433,0,0.0433(27),,6280.2(96),781.5(87),,,1.728(13)
142Xe,Xe,54,88,142,5284.9,1176.6,0,1.221,0.36,0,0.36,0,0.36(7),,5284.9(76),1176.6(96),,,1.221(20)
143Xe,Xe,54,89,143,7472.6,2240.4,0,0.511,1,0,1,0,1.00(15),,7472.6(89),2240.4(85),,,0.511(6)
144Xe,Xe,54,90,144,6399,2731.9,0,0.388,3,0,3,0,3.0(3),,6399(21),2731.9(93),,,0.388(7)
145Xe,Xe,54,91,145,8561,3707,40,0.188,5,0.001,5,-1,5.0(6),-1,8561(14),3707(23),40(14),,0.188(4)
146Xe,Xe,54,92,146,7355,4028,0,0.146,6.9,0,6.9,0,6.9(15),,7355(24),4028(26),,,0.146(6)
147Xe,Xe,54,93,147,9560,4880,1550,0.10,8,-1,8,-1,<8,-1,9560(200)\#,4880(200)\#,1550(200)\#,,0.10($^{+10}_{-5}$)
148Xe,Xe,54,94,148,8310,5250,570,-1,-1,0.001,-1,-1,-1,-1,8310(300)\#,5250(300)\#,570(300)\#,,-1
149Xe,Xe,54,95,149,-1,-1,-1,-1,0.001,0.001,-1,-1,-1,-1,-1,-1,-1,,-1
150Xe,Xe,54,96,150,-1,-1,-1,-1,0.001,0.001,-1,-1,-1,-1,-1,-1,-1,,-1
141Cs,Cs,55,86,141,5255.1,721,0,24.91,0.001,0,0.0342,0,0.0342(14),,5255.1(96),721(12),,,24.91(6)
142Cs,Cs,55,87,142,7327.7,1146.8,0,1.687,0.0916,0,0.0916,0,0.0916(38),,7327.7(84),1146.8(88),,,1.687(14)
143Cs,Cs,55,88,143,6261.7,2095.4,0,1.795,1.582,0,1.582,0,1.582(25),,6261.7(97),2095.4(96),,,1.795(9)
144Cs,Cs,55,89,144,8496,2595,0,0.989,2.98,0,2.98,0,2.98(11),,8496(20),2595(21),,,0.989(5)
145Cs,Cs,55,90,145,7462,3641,0,0.581,13.5,0,13.5,0,13.5(6),,7462(12),3641(11),,,0.581(6)
146Cs,Cs,55,91,146,9637,4134.5,314.1,0.3217,14.3,0.001,14.3,-1,14.3(8),-1,9637(21),4134.5(90),314.1(77),,0.3217(11)
147Cs,Cs,55,92,147,8344,4956,0,0.2297,28.5,0,28.5,0,28.5(20),,8344(21),4956(22),,,0.2297(10)
148Cs,Cs,55,93,148,10683,5282,1894,0.151,29,-1,29,-1,29.0(45),-1,10683(64),5282(24),1894(25),,0.151(1)
149Cs,Cs,55,94,149,9870,6270,870,0.106,25,0.001,25,-1,25(4),-1,9870(590)\#,6270(410)\#,870(400)\#,,0.106(7)
150Cs,Cs,55,95,150,11730,6880,3280,0.081,20,-1,20,-1,20(10),-1,11730(500)\#,6880(590)\#,3280(400)\#,,0.081(3)
151Cs,Cs,55,96,151,10710,7600,2750,0.069,-1,-1,-1,-1,-1,-1,10710(640)\#,7600(580)\#,2750(660)\#,,0.069(26)
152Cs,Cs,55,97,152,12780,7940,4830,-1,-1,-1,-1,-1,-1,-1,12780(640)\#,7940(640)\#,4830(580)\#,-20(660)\#,-1
147Ba,Ba,56,91,147,6414,715,0,0.894,0.001,0,0.066,0,0.066(45),,6414(22),715(39),,,0.894(7)
148Ba,Ba,56,92,148,5115,1013,0,0.620,0.39,0,0.39,0,0.39(33),,5115(60),1013(64),,,0.620(22)
149Ba,Ba,56,93,149,7100,1520,0,0.352,2.2,0,2.2,0,2.2(17),,7100(480),1520(440),,,0.352(6)
150Ba,Ba,56,94,150,6230,2250,0,0.259,-1,0,-1,0,-1,,6230(530)\#,2250(360)\#,,,0.259(5)
151Ba,Ba,56,95,151,8370,3120,0,0.167,-1,0,-1,0,-1,,8370(590)\#,3120(590)\#,,,0.167(5)
152Ba,Ba,56,96,152,7580,3530,0,0.139,-1,0,-1,0,-1,,7580(500)\#,3530(590)\#,,,0.139(8)
153Ba,Ba,56,97,153,9590,4750,700,0.116,-1,0,-1,0,-1,,9590(500)\#,4750(500)\#,700(590)\#,,0.116(52)
154Ba,Ba,56,98,154,8710,5170,330,0.053,-1,0,-1,0,-1,,8710(580)\#,5170(580)\#,330(580)\#,,0.053(48)
147La,La,57,90,147,5336,886,0,4.073,0.001,0,0.043,0,0.043(4),,5336(14),886(20),,,4.073(23)
148La,La,57,91,148,7690,1234,0,1.34,0.19,0,0.19,0,0.19(5),,7690(22),1234(21),,,1.34(7)
149La,La,57,92,149,6450,2110,0,1.091,1.41,0,1.41,0,1.41(34),,6450(200),2110(200),,,1.091(34)
150La,La,57,93,150,8720,2470,0,0.51,2.69,0,2.69,0,2.69(34),,8720(440),2470(440),,,0.51(2)
151La,La,57,94,151,7910,3470,0,0.457,-1,0,-1,0,-1,,7910(440),3470(440),,,0.457($^{+30}_{-18}$)
152La,La,57,95,152,9690,3860,0,0.298,-1,0,-1,0,-1,,9690(360)\#,3860(300)\#,,,0.298($^{+6}_{-23}$)
153La,La,57,96,153,8850,4850,0,0.245,-1,0,-1,0,-1,,8850(360)\#,4850(360)\#,,,0.245(18)
154La,La,57,97,154,10690,5310,1310,0.161,-1,0,-1,0,-1,,10690(360)\#,5310(360)\#,1310(360)\#,,0.161(15)
155La,La,57,98,155,9850,6220,840,0.101,-1,0,-1,0,-1,,9850(500)\#,6220(450)\#,840(450)\#,,0.101(28)
156La,La,57,99,156,11770,6660,3030,0.084,-1,0,-1,0,-1,,11770(500)\#,6660(500)\#,3030(450)\#,,0.084(78)
157La,La,57,100,157,-1,-1,-1,-1,0.001,0.001,-1,-1,-1,-1,-1,-1,-1,,-1
153Ce,Ce,58,95,153,6660,780,0,0.865,0.001,0,-1,0,-1,,6660(200)\#,780(200)\#,,,0.865(25)
154Ce,Ce,58,96,154,5890,1280,0,0.722,-1,0,-1,0,-1,,5890(230)\#,1280(200)\#,,,0.722(14)
155Ce,Ce,58,97,155,7640,2250,0,0.313,-1,0,-1,0,-1,,7640(300)\#,2250(320)\#,,,0.313(7)
156Ce,Ce,58,98,156,6750,2520,0,0.233,-1,0,-1,0,-1,,6750(360)\#,2520(300)\#,,,0.233(9)
157Ce,Ce,58,99,157,8610,3570,0,0.175,-1,0,-1,0,-1,,8610(500)\#,3570(450)\#,,,0.175(41)
158Ce,Ce,58,100,158,7670,3810,0,0.099,-1,0,-1,0,-1,,7670(500)\#,3810(500)\#,,,0.099(93)
153Pr,Pr,59,94,153,5762,510,0,4.29,0.001,0,-1,0,-1,,5762(12),510(27),,,4.29(11)
154Pr,Pr,59,95,154,7720,1150,0,2.3,-1,0,-1,0,-1,,7720(100),1150(110),,,2.3(1)
155Pr,Pr,59,96,155,6868,2338,0,1.47,-1,0,-1,0,-1,,6868(19),2338(55),,,1.47(3)
156Pr,Pr,59,97,156,8910,2650,0,0.444,-1,0,-1,0,-1,,8910(280)\#,2650(200)\#,,,0.444(6)
157Pr,Pr,59,98,157,7920,3860,0,0.295,-1,0,-1,0,-1,,7920(300)\#,3860(360)\#,,,0.295($^{+29}_{-11}$)
158Pr,Pr,59,99,158,9730,4060,0,0.181,-1,0,-1,0,-1,,9730(360)\#,4060(300)\#,0(360)\#,,0.181(14)
159Pr,Pr,59,100,159,8720,4900,0,0.134,-1,0,-1,0,-1,,8720(500)\#,4900(450)\#,,,0.134(43)
160Pr,Pr,59,101,160,10610,5220,1390,0.17,-1,0,-1,0,-1,,10610(500)\#,5220(500)\#,1390(450)\#,,0.17(14)
161Pr,Pr,59,102,161,-1,-1,-1,-1,0.001,0,-1,0,-1,,-1,-1,-1,,-1
158Nd,Nd,60,98,158,5040,170,0,0.820,0,0,0,0,,,5040(200)\#,170(200)\#,,,0.820($^{+15}_{-36}$)
159Nd,Nd,60,99,159,6750,1210,0,0.485 ,-1,0,-1,0,-1,,6750(300)\#,1210(300)\#,,,0.485 ($^{+39}_{-20}$)
160Nd,Nd,60,100,160,5870,1350,0,0.439,-1,0,-1,0,-1,,5870(360)\#,1350(300)\#,,,0.439(37)
161Nd,Nd,60,101,161,7650,2340,0,0.215,-1,0,-1,0,-1,,7650(500)\#,2340(450)\#,,,0.215(76)
162Nd,Nd,60,102,162,6820,2610,0,0.31,-1,0,-1,0,-1,,6820(500)\#,2610(500)\#,,,0.31(20)
163Nd,Nd,60,103,163,-1,-1,0,-1,0.001,0,-1,0,-1,,-1,-1,,,-1
159Pm,Pm,61,98,159,5653,625,0,1.49,0.001,0,-1,0,-1,,5653(12),625(11),,,1.49(18)
160Pm,Pm,61,99,160,7230,1130,0,0.725,-1,0,-1,0,-1,,7230(200)\#,1130(200)\#,,,0.725(57)
161Pm,Pm,61,100,161,6440,1930,0,1.05,-1,0,-1,0,-1,,6440(300)\#,1930(300)\#,,,1.05(15)
162Pm,Pm,61,101,162,8160,2230,0,0.63,-1,0,-1,0,-1,,8160(360)\#,2230(300)\#,,,0.63(18)
163Pm,Pm,61,102,163,7470,3210,0,0.43,-1,0,-1,0,-1,,7470(500)\#,3210(450)\#,,,0.43(35)
164Pm,Pm,61,103,164,9230,3780,0,-1,-1,0,-1,0,-1,,9230(500)\#,3780(500)\#,,,-1
165Pm,Pm,61,104,165,-1,-1,0,-1,0.001,0,-1,0,-1,,-1,-1,,,-1
163Sm,Sm,62,101,163,5770,-90,0,1.23,0.001,0,-1,0,-1,,5770(310)\#,-90(300)\#,,,1.23($^{+51}_{-47}$)
164Sm,Sm,62,102,164,5280,310,0,1.43,0.001,0,-1,0,-1,,5280(320)\#,310(310)\#,,,1.43(24)
165Sm,Sm,62,103,165,6920,1500,0,0.98,-1,0,-1,0,-1,,6920(420)\#,1500(420)\#,,,0.98(21)
166Sm,Sm,62,104,166,6480,1920,0,0.80,-1,0,-1,0,-1,,6480(540)\#,1920(420)\#,,,0.80(63)
167Sm,Sm,62,105,167,-1,-1,0,-1,0.001,0,-1,0,-1,,-1,-1,,,-1
165Eu,Eu,63,102,165,5729,980,0,2.53,0.001,0,-1,0,-1,,5729(65),980(170)\#,,,2.53(26)
166Eu,Eu,63,103,166,7320,1170,0,1.31,-1,0,-1,0,-1,,7320(300),1170(380)\#,,,1.31($^{+9}_{-14}$)
167Eu,Eu,63,104,167,6800,2450,0,1.33,-1,0,-1,0,-1,,6800(500)\#,2450(450)\#,,,1.33(51)
168Eu,Eu,63,105,168,8620,3000,0,0.20,-1,0,-1,0,-1,,8620(640)\#,3000(580)\#,,,0.20(10)
169Eu,Eu,63,106,169,-1,-1,0,-1,0.001,0,-1,0,-1,,-1,-1,,,-1
169Gd,Gd,64,105,169,6180,500,0,0.75,0.001,0,-1,0,-1,,6180(590)\#,500(590)\#,,,0.75(21)
170Gd,Gd,64,106,170,5340,880,0,0.41 ,0.001,0,-1,0,-1,,5340(720)\#,880(670)\#,,,0.41 ($^{+14}_{-21}$)
171Gd,Gd,64,107,171,-1,-1,0,-1,0.001,0,-1,0,-1,,-1,-1,,,-1
169Tb,Tb,65,104,169,5270,160,0,5.13,0.001,0,-1,0,-1,,5270(420)\#,160(330)\#,,,5.13(32)
170Tb,Tb,65,105,170,6940,800,0,0.960,0.001,0,-1,0,-1,,6940(450)\#,800(500)\#,,,0.960(78)
171Tb,Tb,65,106,171,6160,1560,0,1.24 ,-1,0,-1,0,-1,,6160(590)\#,1560(540)\#,,,1.24 ($^{+9}_{-10}$)
172Tb,Tb,65,107,172,8160,2270,0,0.76,-1,0,-1,0,-1,,8160(590)\#,2270(590)\#,,,0.76(19)
173Tb,Tb,65,108,173,-1,-1,0,-1,0.001,0,-1,0,-1,,-1,-1,,,-1
174Tb,Tb,65,109,174,-1,-1,0,-1,0.001,0,-1,0,-1,,-1,-1,,,-1
174Dy,Dy,66,108,174,4320,-90,0,-1,0.001,0,-1,0,-1,,4320(590)\#,-90(590)\#,,,-1
175Dy,Dy,66,109,175,-1,-1,0,-1,0.001,0,-1,0,-1,,-1,-1,,,-1
176Dy,Dy,66,110,176,-1,-1,0,-1,0.001,0,-1,0,-1,,-1,-1,,,-1
174Ho,Ho,67,107,174,6260,-110,0,3.2,0,0,0,0,,,6260(420)\#,-110(360)\#,,,3.2(11)
175Ho,Ho,67,108,175,5450,680,0,-1,0.001,0,-1,0,-1,,5450(570)\#,680(500)\#,,,-1
176Ho,Ho,67,109,176,7340,1290,0,-1,-1,0,-1,0,-1,,7340(640)\#,1290(640)\#,,,-1
177Ho,Ho,67,110,177,-1,-1,0,-1,0.001,0,-1,0,-1,,-1,-1,,,-1
178Ho,Ho,67,111,178,-1,-1,0,-1,0.001,0,-1,0,-1,,-1,-1,,,-1
180Er,Er,68,112,180,-1,-1,0,-1,0.001,0,-1,0,-1,,-1,-1,,,-1
179Tm,Tm,69,110,179,4940,20,0,-1,0.001,0,-1,0,-1,,4940(540)\#,20(500)\#,,,-1
180Tm,Tm,69,111,180,6680,550,0,-1,0.001,0,-1,0,-1,,6680(590)\#,550(540)\#,,,-1
181Tm,Tm,69,112,181,5920,1360,0,-1,-1,0,-1,0,-1,,5920(670)\#,1360(670)\#,,,-1
185Yb,Yb,70,115,185,5390,-160,0,-1,0.001,0,-1,0,-1,,5390(590)\#,-160(590)\#,,,-1
186Lu,Lu,71,115,186,6210,40,0,-1,0.001,0,-1,0,-1,,6210(400)\#,40(410)\#,,,-1
187Lu,Lu,71,116,187,5240,770,0,-1,0.001,0,-1,0,-1,,5240(500)\#,770(400)\#,,,-1
188Lu,Lu,71,117,188,7090,960,0,-1,0.001,0,-1,0,-1,,7090(590)\#,960(590)\#,,,-1
191Ta,Ta,73,118,191,4680,-180,0,-1,0.001,0,-1,0,-1,,4680(300)\#,-180(300)\#,,,-1
192Ta,Ta,73,119,192,6590,40,0,2.2,0.001,0,-1,0,-1,,6590(450)\#,40(400)\#,,,2.2(7)
193Ta,Ta,73,120,193,5420,710,0,-1,0.001,0,-1,0,-1,,5420(450)\#,710(450)\#,,,-1
194Ta,Ta,73,121,194,7230,920,0,-1,0.001,0,-1,0,-1,,7230(590)\#,920(540)\#,,,-1
197Re,Re,75,122,197,4810,-300,0,0,0,0,0,0,,,4810(360)\#,-300(300)\#,,,
198Re,Re,75,123,198,6700,100,0,-1,0.001,0,-1,0,-1,,6700(450)\#,100(450)\#,,,-1
199Re,Re,75,124,199,5620,910,0,-1,0.001,0,-1,0,-1,,5620(450)\#,910(450)\#,,,-1
203Os,Os,76,127,203,7050,1070,0,-1,-1,0,-1,0,-1,,7050(570)\#,1070(500)\#,,,-1
203Ir,Ir,77,126,203,4940,-70,0,-1,0.001,0,-1,0,-1,,4940(450)\#,-70(400)\#,,,-1
204Ir,Ir,77,127,204,8230,1870,0,-1,-1,0,-1,0,-1,,8230(450)\#,1870(450)\#,,,-1
205Ir,Ir,77,128,205,7010,3890,0,-1,-1,0,-1,0,-1,,7010(590)\#,3890(540)\#,,,-1
206Pt,Pt,78,128,206,4580,1070,0,-1,-1,0,-1,0,-1,,4580(420)\#,1070(360)\#,,,-1
207Pt,Pt,78,129,207,6270,1600,0,-1,-1,0,-1,0,-1,,6270(500)\#,1600(500)\#,,,-1
208Pt,Pt,78,130,208,5110,1750,0,-1,-1,0,-1,0,-1,,5110(500)\#,1750(500)\#,,,-1
206Au,Au,79,127,206,6730,0,0,47,0.001,0,-1,0,-1,,6730(300)\#,0(300)\#,,,47(15)
207Au,Au,79,128,207,5680,2060,0,-1,-1,0,-1,0,-1,,5680(300)\#,2060(300)\#,,,-1
208Au,Au,79,129,208,7160,2320,0,-1,-1,0,-1,0,-1,,7160(300)\#,2320(300)\#,,,-1
209Au,Au,79,130,209,6100,2650,0,-1,-1,0,-1,0,-1,,6100(430)\#,2650(400)\#,,,-1
210Au,Au,79,131,210,7690,2900,0,-1,-1,0,-1,0,-1,,7690(450)\#,2900(430)\#,,,-1
209Hg,Hg,80,129,209,5000,40,0,6,0.001,0,-1,0,-1,,5000(150)\#,40(150)\#,,,6(1)
210Hg,Hg,80,130,210,3880,210,0,64,0.001,0,2.2,0,2.2(22),,3880(200)\#,210(200)\#,,,64(12)
211Hg,Hg,80,131,211,5450,550,0,26.4,0.001,0,6.3,0,6.3(63),,5450(200)\#,550(200)\#,,,26.4(81)
212Hg,Hg,80,132,212,4310,760,0,-1,0.001,0,-1,0,-1,,4310(360)\#,760(300)\#,,,-1
213Hg,Hg,80,133,213,5880,1150,0,-1,-1,0,-1,0,-1,,5880(300)\#,1150(360)\#,,,-1
214Hg,Hg,80,134,214,4710,1320,0,-1,-1,0,-1,0,-1,,4710(450)\#,1320(400)\#,,,-1
215Hg,Hg,80,135,215,6300,1670,0,-1,-1,0,-1,0,-1,,6300(500)\#,1670(450)\#,,,-1
216Hg,Hg,80,136,216,5140,1880,0,-1,-1,0,-1,0,-1,,5140(500)\#,1880(500)\#,,,-1
209Tl,Tl,81,128,209,3969.9,32.5,0,129.72,0.001,0,-1,0,-1,,3969.9(62),32.5(61),,,129.72(42)
210Tl,Tl,81,129,210,5482,296,0,78.0,0.001,0,0.007,0,0.007($^{+7}_{-4}$),,5482(12),296(12),,,78.0(18)
211Tl,Tl,81,130,211,4415,579,0,80,0.001,0,2.2,0,2.2(22),,4415(42),579(42),,,80(18)
212Tl,Tl,81,131,212,6000,870,0,34,0.001,0,1.8,0,1.8(18),,6000(200)\#,870(200)\#,,,34(13)
213Tl,Tl,81,132,213,4987,1261,0,24.4,7.6,0,7.6,0,7.6(34),,4987(28),1261(27),,,24.4(44)
214Tl,Tl,81,133,214,6650,1600,0,11.0,34,0,34,0,34(12),,6650(200)\#,1600(200)\#,,,11.0(24)
215Tl,Tl,81,134,215,5570,2020,0,9.7,4.6,0,4.6,0,4.6(46),,5570(300)\#,2020(300)\#,,,9.7(38)
216Tl,Tl,81,135,216,7240,2300,0,5.9,11.5,0,11.5,0,<11.5,,7240(360)\#,2300(300)\#,,,5.9(33)
217Tl,Tl,81,136,217,6070,2760,0,-1,-1,0,-1,0,-1,,6070(500)\#,2760(450)\#,,,-1
218Tl,Tl,81,137,218,7730,2870,-440,0,0,0,0,0,,,7730(500)\#,2870(500)\#,-440(450)\#,,
219Bi,Bi,83,136,219,3600,-150,0,10.6,0.001,0,-1,0,-1,,3600(200)\#,-150(200)\#,,,10.6(47)
220Bi,Bi,83,137,220,5560,70,0,9.5,0.001,0,-1,0,-1,,5560(300)\#,70(300)\#,,,9.5(57)
221Bi,Bi,83,138,221,4320,760,0,-1,0.001,0,-1,0,-1,,4320(300)\#,760(300)\#,,,-1
222Bi,Bi,83,139,222,6240,880,0,-1,0.001,0,-1,0,-1,,6240(300)\#,880(300)\#,,,-1
223Bi,Bi,83,140,223,5060,1580,0,-1,-1,0,-1,0,-1,,5060(450)\#,1580(400)\#,,,-1
224Bi,Bi,83,141,224,6920,1680,0,-1,-1,0,-1,0,-1,,6920(450)\#,1680(450)\#,,,-1
227Po,Po,84,143,227,4800,-410,0,0,0,0,0,0,,,4800(500)\#,-410(500)\#,,,
225At,At,85,140,225,3860,-120,0,-1,0.001,0,-1,0,-1,,3860(300)\#,-120(300)\#,,,-1
226At,At,85,141,226,5870,10,0,-1,0.001,0,-1,0,-1,,5870(300)\#,10(300)\#,,,-1
227At,At,85,142,227,4600,670,0,-1,0.001,0,-1,0,-1,,4600(300)\#,670(300)\#,,,-1
228At,At,85,143,228,6440,730,0,-1,0.001,0,-1,0,-1,,6440(400)\#,730(400)\#,,,-1
229At,At,85,144,229,5460,1510,0,-1,-1,0,-1,0,-1,,5460(400)\#,1510(400)\#,,,-1
233Fr,Fr,87,146,233,4586,352,0,0.9,0.001,0,-1,0,-1,,4586(21),352(22),,,0.9(1)
237Ac,Ac,89,148,237,4070,-310,0,0,0,0,0,0,,,4070(400)\#,-310(400)\#,,,